case_index,scenario,sentiment,urgency,a_emp_token_len,a_emp_sent_len,a_emp_ttr,a_emp_flesch_ease,a_emp_flesch_grade,a_emp_fog,a_emp_empathy_score,a_emp_formality_score,a_emp_fp_singular,a_emp_passive,a_emp_placeholder,a_emp_entity_cov,a_emp_cov_product,a_emp_cov_order_id,a_emp_cov_issue,a_emp_cov_urgency,a_emp_cov_sentiment,a_emp_cov_customer_name,a_frm_token_len,a_frm_sent_len,a_frm_ttr,a_frm_flesch_ease,a_frm_flesch_grade,a_frm_fog,a_frm_empathy_score,a_frm_formality_score,a_frm_fp_singular,a_frm_passive,a_frm_placeholder,a_frm_entity_cov,a_frm_cov_product,a_frm_cov_order_id,a_frm_cov_issue,a_frm_cov_urgency,a_frm_cov_sentiment,a_frm_cov_customer_name,b_emp_token_len,b_emp_sent_len,b_emp_ttr,b_emp_flesch_ease,b_emp_flesch_grade,b_emp_fog,b_emp_empathy_score,b_emp_formality_score,b_emp_fp_singular,b_emp_passive,b_emp_placeholder,b_emp_entity_cov,b_frm_token_len,b_frm_sent_len,b_frm_ttr,b_frm_flesch_ease,b_frm_flesch_grade,b_frm_fog,b_frm_empathy_score,b_frm_formality_score,b_frm_fp_singular,b_frm_passive,b_frm_placeholder,b_frm_entity_cov,a_rouge1_ef,a_rouge2_ef,a_rougeL_ef,a_rouge1_ec,b_rouge1_ef,b_rouge2_ef,b_rougeL_ef,b_rouge1_ec,a_style_disc_score,b_style_disc_score,delta_emp_empathy_score,delta_frm_formality_score,delta_style_disc_score,delta_emp_token_len,delta_emp_ttr,delta_emp_flesch_ease,delta_emp_fog,delta_emp_placeholder,delta_emp_entity_cov,delta_rouge1_ef,delta_rouge2_ef,kg_nodes,kg_edges,kg_density,kg_salience
0,battery_issue,frustrated,high,58,3,0.896551724137931,61.665000000000006,9.130000000000003,9.422222222222222,0.0,0.034482758620689655,0.0,0.0,0,0.0,0.0,0.0,0.0,0.0,0.0,0.0,45,2,0.9111111111111111,25.64970930232562,15.022906976744185,17.90232558139535,0.0,0.06896551724137931,0.0,0.5,0,0.0,0.0,0.0,0.0,0.0,0.0,0.0,50,3,0.88,59.53333333333336,8.847659574468086,10.521985815602838,0.03225806451612903,0.06896551724137931,0.0,0.0,0,0.0,75,3,0.88,35.16965174129356,13.90208955223881,15.500497512437812,0.0,0.0,0.0,0.0,0,0.0,0.24489795918367344,0.041666666666666664,0.1020408163265306,0.24691358024691357,0.3157894736842105,0.03571428571428572,0.14035087719298248,0.16883116883116883,0.034482758620689655,-0.03670745272525028,-0.03225806451612903,0.06896551724137931,0.07119021134593993,8,0.016551724137931045,2.1316666666666464,-1.0997635933806151,0,0.0,-0.07089151450053707,0.005952380952380945,8,9,0.16071428571428573,0.84375
1,battery_issue,angry,high,37,2,0.918918918918919,53.712500000000034,10.115000000000002,12.714285714285715,0.0,0.034482758620689655,0.0,0.0,0,0.0,0.0,,0.0,0.0,0.0,0.0,71,3,0.8873239436619719,26.84136363636364,14.98090909090909,17.89090909090909,0.0,0.10344827586206896,0.0,0.0,0,0.0,0.0,,0.0,0.0,0.0,0.0,53,3,0.8490566037735849,57.94233333333335,9.318000000000001,11.466666666666669,0.0,0.034482758620689655,0.0,0.0,0,0.0,41,2,0.9512195121951219,35.19634615384618,13.194487179487183,12.928205128205128,0.0,0.034482758620689655,0.0,0.0,0,0.0,0.23300970873786409,0.019801980198019802,0.11650485436893204,0.18840579710144928,0.26966292134831465,0.06896551724137932,0.15730337078651685,0.3006535947712418,0.06896551724137931,0.0,0.0,0.06896551724137931,0.06896551724137931,-16,0.06986231514533403,-4.229833333333318,1.2476190476190467,0,0.0,-0.03665321261045057,-0.04916353704335952,9,8,0.1111111111111111,0.8814444444444445
2,battery_issue,neutral,medium,75,3,0.8666666666666667,52.05000000000001,11.96166666666667,13.488888888888889,0.0,0.0,0.0,0.0,0,0.0,0.0,0.0,0.0,0.0,0.0,0.0,57,2,0.9298245614035088,22.81142857142862,17.03357142857143,19.771428571428572,0.03225806451612903,0.034482758620689655,0.0,0.5,0,0.0,0.0,0.0,0.0,0.0,0.0,0.0,55,3,0.8545454545454545,57.460897435897465,9.55076923076923,10.77948717948718,0.0,0.0,0.0,0.0,0,0.0,81,4,0.7901234567901234,33.93421052631581,13.246315789473687,16.02105263157895,0.0,0.0,0.0,0.0,0,0.0,0.390625,0.12698412698412698,0.14062500000000003,0.19318181818181818,0.29687499999999994,0.11111111111111112,0.18749999999999997,0.1923076923076923,0.0022246941045606233,0.0,0.0,0.034482758620689655,0.0022246941045606233,20,0.0121212121212122,-5.4108974358974535,2.7094017094017087,0,0.0,0.09375000000000006,0.015873015873015858,7,6,0.14285714285714285,0.8357142857142857
3,battery_issue,polite,low,48,2,0.8958333333333334,56.59000000000002,11.080000000000002,13.547826086956523,0.0,0.0,0.0,0.0,0,0.0,0.0,0.0,0.0,0.0,0.0,0.0,54,2,0.8518518518518519,48.66423076923081,12.930769230769233,15.784615384615385,0.0,0.06896551724137931,0.0,0.0,0,0.0,0.0,0.0,0.0,0.0,0.0,0.0,53,3,0.9433962264150944,46.09833333333336,10.970000000000002,13.866666666666669,0.0,0.034482758620689655,0.0,0.0,0,0.0,73,4,0.8767123287671232,36.26931818181819,12.299545454545456,16.903030303030302,0.0,0.034482758620689655,0.0,0.0,0,0.0,0.28571428571428575,0.020833333333333332,0.12244897959183673,0.3129251700680272,0.2564102564102564,0.034782608695652174,0.11965811965811966,0.17218543046357615,0.06896551724137931,0.0,0.0,0.034482758620689655,0.06896551724137931,-5,-0.04756289308176098,10.49166666666666,-0.31884057971014634,0,0.0,0.029304029304029366,-0.013949275362318842,7,6,0.14285714285714285,0.85
4,battery_issue,frustrated,high,42,2,1.0,51.17500000000004,11.090000000000003,12.0,0.0,0.034482758620689655,0.0,0.0,0,0.0,0.0,0.0,0.0,0.0,0.0,0.0,50,3,0.86,48.73333333333335,10.35404255319149,13.075177304964539,0.0,0.06896551724137931,0.0,0.0,0,0.0,0.0,0.0,0.0,0.0,0.0,0.0,42,2,0.9285714285714286,65.98000000000003,9.025000000000002,11.0,0.0,0.0,0.0,0.0,0,0.0,64,3,0.875,37.747909604519776,12.880000000000003,13.968361581920906,0.0,0.034482758620689655,0.0,0.3333333333333333,0,0.0,0.2298850574712644,0.047058823529411764,0.16091954022988506,0.09655172413793103,0.15841584158415845,0.0202020202020202,0.07920792079207922,0.15172413793103448,0.034482758620689655,0.034482758620689655,0.0,0.034482758620689655,0.0,0,0.0714285714285714,-14.804999999999993,1.0,0,0.0,0.07146921588710595,0.026856803327391564,6,4,0.13333333333333333,0.8416666666666667
5,battery_issue,angry,high,52,3,0.8846153846153846,43.50156462585039,11.249387755102042,13.063945578231293,0.0,0.06896551724137931,0.0,0.0,0,0.0,0.0,,0.0,0.0,0.0,0.0,59,3,0.847457627118644,31.33212121212125,13.443636363636362,11.696969696969697,0.0,0.06896551724137931,0.0,0.3333333333333333,0,0.14285714285714285,0.3333333333333333,,0.0,0.0,0.0,0.0,51,3,0.803921568627451,60.16999999999999,8.841666666666672,10.566666666666666,0.0,0.034482758620689655,0.0,0.0,0,0.0,68,3,0.8529411764705882,28.40571428571431,14.514285714285716,16.653968253968255,0.0,0.034482758620689655,0.0,0.0,0,0.0,0.26923076923076916,0.019607843137254905,0.09615384615384616,0.2191780821917808,0.17857142857142858,0.018181818181818177,0.08928571428571429,0.13793103448275862,0.0,0.0,0.0,0.034482758620689655,0.0,1,0.08069381598793357,-16.668435374149595,2.497278911564626,0,0.0,0.09065934065934059,0.0014260249554367277,7,4,0.09523809523809523,0.8642857142857142
6,battery_issue,polite,medium,42,2,0.9523809523809523,47.29210526315791,11.383157894736843,9.705263157894738,0.03225806451612903,0.0,0.0,0.0,0,0.0,0.0,,0.0,0.0,0.0,0.0,74,3,0.8378378378378378,33.90739130434784,14.243768115942029,16.73623188405797,0.0,0.06896551724137931,0.0,0.3333333333333333,0,0.0,0.0,,0.0,0.0,0.0,0.0,67,4,0.8656716417910447,65.8071525423729,7.0120000000000005,6.753898305084746,0.0,0.0,0.0,0.0,0,0.0,46,2,0.9347826086956522,43.35668604651164,12.553139534883723,13.251162790697675,0.03225806451612903,0.034482758620689655,0.0,0.0,0,0.0,0.2037037037037037,0.018867924528301886,0.09259259259259259,0.17687074829931973,0.30476190476190484,0.03883495145631068,0.15238095238095242,0.1893491124260355,0.10122358175750834,0.0022246941045606233,0.03225806451612903,0.034482758620689655,0.09899888765294772,-25,0.0867093105899076,-18.515047279214997,2.9513648528099914,0,0.0,-0.10105820105820115,-0.019967026928008797,7,6,0.14285714285714285,0.8357142857142857
7,battery_issue,neutral,low,95,3,0.8315789473684211,37.94131086142326,15.337303370786518,17.70936329588015,0.0,0.06896551724137931,0.6666666666666666,0.0,0,0.0,0.0,0.0,0.0,0.0,0.0,0.0,54,3,0.8703703703703703,39.33033333333336,11.914000000000001,13.866666666666669,0.03225806451612903,0.034482758620689655,0.0,0.0,0,0.0,0.0,0.0,0.0,0.0,0.0,0.0,53,3,0.8867924528301887,61.326333333333366,8.846,11.466666666666669,0.03225806451612903,0.06896551724137931,0.0,0.0,0,0.0,41,2,0.9024390243902439,23.43047297297298,14.587162162162166,17.12972972972973,0.0,0.034482758620689655,0.0,0.0,0,0.0,0.35714285714285715,0.04347826086956521,0.12857142857142856,0.26,0.18390804597701146,0.0,0.11494252873563218,0.1375,-0.06674082313681869,-0.0022246941045606233,-0.03225806451612903,0.0,-0.06451612903225806,42,-0.05521350546176762,-23.385022471910105,6.24269662921348,0,0.0,0.1732348111658457,0.04347826086956521,7,6,0.14285714285714285,0.8357142857142857
8,battery_issue,frustrated,high,52,3,0.8653846153846154,53.120000000000005,9.825,11.4,0.03225806451612903,0.06896551724137931,0.0,0.0,0,0.0,0.0,,0.0,0.0,0.0,0.0,50,3,0.92,31.26731884057972,12.707391304347826,11.35072463768116,0.03225806451612903,0.06896551724137931,0.0,0.3333333333333333,0,0.0,0.0,,0.0,0.0,0.0,0.0,61,3,0.8360655737704918,52.48684210526318,10.65859649122807,11.108771929824563,0.0,0.0,1.0,0.0,0,0.0,66,3,0.8636363636363636,40.57371584699456,12.651475409836067,14.690710382513661,0.06451612903225806,0.06896551724137931,0.0,0.0,0,0.0,0.3368421052631579,0.043010752688172046,0.12631578947368421,0.0857142857142857,0.3220338983050847,0.08620689655172413,0.18644067796610167,0.12162162162162161,0.0,0.004449388209121247,0.03225806451612903,0.0,-0.004449388209121247,-9,0.029319041614123575,0.6331578947368257,0.2912280701754373,0,0.0,0.014808206958073167,-0.04319614386355208,6,3,0.1,0.8250000000000001
9,battery_issue,angry,high,37,2,0.918918918918919,48.87821428571431,10.789285714285715,12.714285714285715,0.0,0.06896551724137931,0.0,0.0,0,0.0,0.0,0.0,0.0,0.0,0.0,0.0,60,3,0.85,27.752619047619078,14.025714285714287,14.609523809523811,0.03225806451612903,0.06896551724137931,0.0,0.0,0,0.0,0.0,0.0,0.0,0.0,0.0,0.0,43,3,0.8837209302325582,53.7116666666667,9.079999999999998,11.333333333333336,0.0,0.034482758620689655,0.0,0.0,0,0.0,69,3,0.855072463768116,39.77541666666667,13.01125,15.408333333333331,0.0,0.06896551724137931,0.0,0.0,0,0.0,0.2637362637362637,0.022471910112359553,0.0879120879120879,0.13740458015267176,0.19230769230769232,0.0,0.11538461538461538,0.11764705882352941,-0.03225806451612903,0.034482758620689655,0.0,0.0,-0.06674082313681869,-6,0.035197988686360815,-4.833452380952394,1.3809523809523796,0,0.0,0.07142857142857137,0.022471910112359553,8,7,0.125,0.825
10,battery_issue,neutral,medium,50,2,0.92,57.33750000000002,11.224166666666669,12.100000000000001,0.0,0.0,0.0,0.0,0,0.0,0.0,,0.0,0.0,0.0,0.0,61,3,0.8360655737704918,38.327619047619066,12.550714285714289,14.609523809523811,0.0,0.034482758620689655,0.0,0.0,0,0.0,0.0,,0.0,0.0,0.0,0.0,91,4,0.7692307692307693,67.82154411764708,9.078676470588238,10.382352941176471,0.03225806451612903,0.0,0.0,0.0,0,0.0,49,2,0.9183673469387755,10.611739130434785,17.493043478260876,19.63478260869565,0.0,0.06896551724137931,0.0,0.0,0,0.0,0.36190476190476184,0.019417475728155338,0.17142857142857143,0.16296296296296295,0.16541353383458648,0.0,0.09022556390977443,0.3218390804597701,0.034482758620689655,0.10122358175750834,-0.03225806451612903,-0.034482758620689655,-0.06674082313681869,-41,0.15076923076923077,-10.48404411764706,1.7176470588235304,0,0.0,0.19649122807017536,0.019417475728155338,6,3,0.1,0.8083333333333335
11,battery_issue,polite,low,53,3,0.8301886792452831,55.58727891156465,9.563673469387759,10.614965986394559,0.0,0.0,0.0,0.0,0,0.14285714285714285,0.0,0.0,0.5,0.0,0.0,0.0,43,2,0.8837209302325582,27.144573170731718,14.565975609756098,16.98048780487805,0.0,0.034482758620689655,0.0,0.5,0,0.0,0.0,0.0,0.0,0.0,0.0,0.0,52,3,0.9423076923076923,45.22809523809528,11.008571428571429,13.880272108843537,0.0,0.034482758620689655,0.0,0.0,0,0.0,85,4,0.8470588235294118,37.27368421052634,12.780526315789476,16.02105263157895,0.03225806451612903,0.034482758620689655,0.0,0.0,0,0.0,0.3076923076923077,0.04494382022471909,0.1978021978021978,0.2818791946308725,0.20634920634920634,0.03225806451612904,0.14285714285714285,0.17567567567567569,0.034482758620689655,-0.03225806451612903,0.0,0.0,0.06674082313681869,1,-0.11211901306240923,10.359183673469374,-3.265306122448978,0,0.14285714285714285,0.10134310134310137,0.012685755708590055,7,6,0.14285714285714285,0.85
12,battery_issue,frustrated,high,37,2,0.9459459459459459,36.79250000000002,12.475000000000001,13.857142857142856,0.03225806451612903,0.034482758620689655,0.0,0.0,0,0.0,0.0,0.0,0.0,0.0,0.0,0.0,52,2,0.8461538461538461,45.57158163265308,12.98948979591837,13.06530612244898,0.03225806451612903,0.0,0.0,0.0,0,0.2857142857142857,0.0,0.0,0.5,1.0,0.0,0.0,45,2,0.9333333333333333,47.2915697674419,12.004302325581396,13.251162790697675,0.0,0.0,0.0,0.0,0,0.0,55,3,0.8545454545454545,38.32197278911568,11.97183673469388,13.880272108843537,0.03225806451612903,0.034482758620689655,0.0,0.0,0,0.0,0.14285714285714288,0.0,0.09523809523809522,0.14285714285714285,0.19354838709677422,0.0,0.08602150537634408,0.13432835820895522,-0.034482758620689655,0.0022246941045606233,0.03225806451612903,-0.034482758620689655,-0.03670745272525028,-8,0.012612612612612595,-10.499069767441881,0.6059800664451807,0,0.0,-0.05069124423963134,0.0,7,6,0.14285714285714285,0.85
13,battery_issue,angry,high,50,3,0.86,61.33333333333334,8.596595744680851,8.819858156028369,0.0,0.034482758620689655,0.0,0.0,0,0.0,0.0,0.0,0.0,0.0,0.0,0.0,63,3,0.873015873015873,28.222011494252882,14.125862068965517,16.00919540229885,0.0,0.06896551724137931,0.0,0.3333333333333333,0,0.0,0.0,0.0,0.0,0.0,0.0,0.0,92,4,0.8152173913043478,53.19389534883723,11.181046511627908,12.786046511627909,0.0,0.0,0.0,0.25,0,0.0,73,3,0.8493150684931506,33.90739130434784,14.243768115942029,14.997101449275362,0.0,0.034482758620689655,0.0,0.3333333333333333,0,0.0,0.2641509433962264,0.05769230769230769,0.1320754716981132,0.1699346405228758,0.3354838709677419,0.06535947712418301,0.18064516129032257,0.21875,0.034482758620689655,0.034482758620689655,0.0,0.034482758620689655,0.0,-42,0.044782608695652204,8.139437984496112,-3.96618835559954,0,0.0,-0.07133292757151549,-0.007667169431875322,9,12,0.16666666666666666,0.838888888888889
14,battery_issue,neutral,medium,70,3,0.8142857142857143,52.08641025641026,11.376923076923081,12.974358974358976,0.03225806451612903,0.0,0.3333333333333333,0.0,0,0.0,0.0,0.0,0.0,0.0,0.0,0.0,62,2,0.9032258064516129,34.45517241379312,15.657931034482761,16.427586206896553,0.0,0.06896551724137931,0.0,0.0,0,0.0,0.0,0.0,0.0,0.0,0.0,0.0,70,3,0.8428571428571429,72.9868181818182,8.544545454545453,10.012121212121214,0.03225806451612903,0.0,0.0,0.0,0,0.0,64,2,0.90625,26.333177966101715,16.915000000000003,19.25762711864407,0.03225806451612903,0.0,0.0,0.0,0,0.0,0.25806451612903225,0.0,0.11290322580645162,0.26993865030674846,0.1904761904761905,0.0,0.09523809523809525,0.2804878048780488,0.10122358175750834,0.0,0.0,0.06896551724137931,0.10122358175750834,0,-0.02857142857142858,-20.900407925407933,2.9622377622377627,0,0.0,0.06758832565284176,0.0,7,6,0.14285714285714285,0.8357142857142857
15,battery_issue,polite,low,46,3,0.8913043478260869,61.696428571428584,8.131904761904764,7.504761904761906,0.0,0.0,0.0,0.0,0,0.0,0.0,0.0,0.0,0.0,0.0,0.0,58,3,0.8793103448275862,38.85805031446543,12.228301886792455,14.613836477987423,0.06451612903225806,0.034482758620689655,0.0,0.0,0,0.0,0.0,0.0,0.0,0.0,0.0,0.0,56,3,0.8928571428571429,59.608993710691834,9.333962264150948,11.59496855345912,0.0,0.034482758620689655,0.0,0.0,0,0.0,77,3,0.8181818181818182,53.49831050228312,11.842465753424658,11.925114155251142,0.0,0.034482758620689655,0.0,0.0,0,0.0,0.16494845360824742,0.0,0.12371134020618559,0.27972027972027974,0.380952380952381,0.01612903225806452,0.14285714285714285,0.2483660130718954,-0.030033370411568408,0.0,0.0,0.0,-0.030033370411568408,-10,-0.0015527950310559868,2.0874348607367494,-4.090206648697214,0,0.0,-0.21600392734413357,-0.01612903225806452,7,6,0.14285714285714285,0.85
16,battery_issue,frustrated,high,59,3,0.9152542372881356,60.55757575757579,9.367272727272727,9.515151515151514,0.0,0.034482758620689655,0.0,0.0,0,0.0,0.0,0.0,0.0,0.0,0.0,0.0,65,2,0.9384615384615385,23.90870967741938,17.625806451612906,20.78709677419355,0.0,0.0,0.0,0.5,0,0.0,0.0,0.0,0.0,0.0,0.0,0.0,60,3,0.9,61.392105263157916,9.416491228070175,10.40701754385965,0.03225806451612903,0.034482758620689655,0.0,0.0,0,0.0,69,3,0.8840579710144928,39.186830601092936,12.844918032786886,14.690710382513661,0.0,0.0,0.0,0.0,0,0.0,0.23728813559322032,0.03448275862068966,0.0847457627118644,0.22695035460992907,0.1694915254237288,0.0,0.06779661016949151,0.1408450704225352,-0.034482758620689655,-0.0022246941045606233,-0.03225806451612903,0.0,-0.03225806451612903,-1,0.015254237288135575,-0.8345295055821254,-0.8918660287081366,0,0.0,0.06779661016949151,0.03448275862068966,6,4,0.13333333333333333,0.8416666666666667
17,battery_issue,angry,high,55,3,0.8181818181818182,62.34166666666668,8.870000000000001,10.77948717948718,0.0,0.034482758620689655,0.0,0.0,0,0.0,0.0,0.0,0.0,0.0,0.0,0.0,72,3,0.8194444444444444,39.51068627450982,13.379411764705882,14.94901960784314,0.0,0.06896551724137931,0.0,0.0,0,0.0,0.0,0.0,0.0,0.0,0.0,0.0,56,3,0.8035714285714286,62.80144654088052,8.888679245283019,10.840251572327047,0.0,0.034482758620689655,0.0,0.0,0,0.0,68,3,0.8088235294117647,43.48350282485876,12.080000000000002,13.968361581920906,0.0,0.034482758620689655,0.0,0.0,0,0.0,0.3166666666666667,0.06779661016949153,0.13333333333333333,0.11688311688311688,0.2831858407079646,0.0900900900900901,0.10619469026548672,0.1032258064516129,0.034482758620689655,0.0,0.0,0.034482758620689655,0.034482758620689655,-1,0.01461038961038963,-0.4597798742138366,-0.06076439283986623,0,0.0,0.03348082595870211,-0.022293479920598575,8,8,0.14285714285714285,0.8875
18,battery_issue,neutral,medium,70,3,0.8571428571428571,46.88025641025641,12.103076923076923,13.589743589743591,0.03225806451612903,0.034482758620689655,0.0,0.0,0,0.0,0.0,0.0,0.0,0.0,0.0,0.0,70,3,0.8571428571428571,33.77714285714288,13.76507936507937,15.384126984126983,0.0,0.034482758620689655,0.0,0.0,0,0.0,0.0,0.0,0.0,0.0,0.0,0.0,54,3,0.8888888888888888,60.19176470588238,9.08705882352941,10.721568627450981,0.03225806451612903,0.06896551724137931,0.0,0.0,0,0.0,77,3,0.922077922077922,34.95584474885848,14.428767123287674,15.760730593607306,0.0,0.06896551724137931,0.0,0.3333333333333333,0,0.0,0.26153846153846155,0.0,0.12307692307692308,0.16774193548387098,0.27419354838709675,0.0,0.11290322580645161,0.17142857142857143,0.03225806451612903,0.03225806451612903,0.0,-0.034482758620689655,0.0,16,-0.031746031746031744,-13.31150829562597,2.86817496229261,0,0.0,-0.0126550868486352,0.0,7,6,0.14285714285714285,0.8357142857142857
19,battery_issue,polite,low,46,2,0.9130434782608695,65.29590909090909,9.61727272727273,12.436363636363637,0.0,0.034482758620689655,0.0,0.0,0,0.0,0.0,0.0,0.0,0.0,0.0,0.0,47,2,0.9148936170212766,22.362857142857166,15.357142857142858,16.97142857142857,0.0,0.034482758620689655,0.0,0.0,0,0.0,0.0,0.0,0.0,0.0,0.0,0.0,43,2,0.8837209302325582,66.34945121951222,9.097682926829268,9.175609756097561,0.0,0.0,0.0,0.0,0,0.0,73,3,0.863013698630137,35.133478260869595,14.072753623188408,15.576811594202901,0.0,0.034482758620689655,0.0,0.3333333333333333,0,0.0,0.25287356321839083,0.0,0.16091954022988506,0.19718309859154928,0.32727272727272727,0.03703703703703704,0.12727272727272726,0.12949640287769784,0.0,0.034482758620689655,0.0,0.0,-0.034482758620689655,3,0.029322548028311357,-1.0535421286031266,3.2607538802660763,0,0.0,-0.07439916405433644,-0.03703703703703704,6,4,0.13333333333333333,0.8416666666666667
20,battery_issue,frustrated,high,90,4,0.8333333333333334,56.6057142857143,10.580952380952379,11.733333333333334,0.0,0.06896551724137931,0.0,0.0,0,0.0,0.0,0.0,0.0,0.0,0.0,0.0,65,3,0.9076923076923077,35.66500000000002,13.253333333333337,16.0,0.0,0.10344827586206896,0.0,0.3333333333333333,0,0.0,0.0,0.0,0.0,0.0,0.0,0.0,47,2,0.8723404255319149,40.300454545454556,13.103636363636365,13.345454545454544,0.0,0.034482758620689655,0.0,0.0,0,0.0,64,3,0.875,43.48350282485876,12.080000000000002,13.290395480225989,0.03225806451612903,0.06896551724137931,0.0,0.0,0,0.0,0.4000000000000001,0.09790209790209789,0.15172413793103448,0.1513513513513514,0.3269230769230769,0.058823529411764705,0.1346153846153846,0.13793103448275865,0.034482758620689655,0.0022246941045606233,0.0,0.034482758620689655,0.03225806451612903,43,-0.03900709219858156,16.305259740259743,-1.6121212121212096,0,0.0,0.07307692307692315,0.039078568490333185,6,4,0.13333333333333333,0.8000000000000002
21,battery_issue,angry,high,45,2,0.8222222222222222,66.96598837209305,9.260116279069766,11.390697674418604,0.0,0.034482758620689655,0.3333333333333333,0.0,0,0.0,0.0,,0.0,0.0,0.0,0.0,56,3,0.8035714285714286,50.03163522012579,10.669811320754718,12.349685534591195,0.03225806451612903,0.0,0.0,0.0,0,0.0,0.0,,0.0,0.0,0.0,0.0,70,2,0.9142857142857143,43.693653846153865,15.238846153846158,15.461538461538462,0.03225806451612903,0.0,0.3333333333333333,0.5,0,0.0,61,3,0.819672131147541,30.22368421052633,13.763859649122807,16.72280701754386,0.03225806451612903,0.034482758620689655,0.0,0.6666666666666666,0,0.0,0.3333333333333333,0.0851063829787234,0.18749999999999997,0.17218543046357618,0.3252032520325204,0.06611570247933884,0.2113821138211382,0.19540229885057472,-0.06674082313681869,0.034482758620689655,-0.03225806451612903,-0.034482758620689655,-0.10122358175750834,-25,-0.09206349206349207,23.272334525939186,-4.070840787119858,0,0.0,0.008130081300812941,0.018990680499384557,9,6,0.08333333333333333,0.8388888888888889
22,battery_issue,neutral,medium,48,2,0.8333333333333334,67.43750000000001,9.442777777777781,10.777777777777779,0.0,0.0,0.0,0.0,0,0.0,0.0,0.0,0.0,0.0,0.0,0.0,45,2,0.8666666666666667,22.362857142857166,15.357142857142858,17.923809523809524,0.0,0.06896551724137931,0.0,0.0,0,0.0,0.0,0.0,0.0,0.0,0.0,0.0,60,3,0.9333333333333333,46.55000000000001,11.486666666666668,13.2140350877193,0.0,0.06896551724137931,0.0,0.0,0,0.0,63,2,0.8888888888888888,16.295889830508486,18.315,21.96949152542373,0.03225806451612903,0.0,0.0,0.0,0,0.0,0.22727272727272724,0.046511627906976744,0.11363636363636362,0.2709677419354839,0.2905982905982906,0.03478260869565217,0.13675213675213677,0.20481927710843376,0.06896551724137931,-0.10122358175750834,0.0,0.06896551724137931,0.17018909899888765,-12,-0.09999999999999998,20.887500000000003,-2.436257309941521,0,0.0,-0.06332556332556338,0.011729019211324576,7,6,0.14285714285714285,0.8357142857142857
23,battery_issue,polite,low,57,3,0.8771929824561403,53.83166666666668,10.222592592592594,12.385185185185186,0.0,0.06896551724137931,0.0,0.0,0,0.0,0.0,0.0,0.0,0.0,0.0,0.0,52,3,0.9038461538461539,26.236258503401388,13.657551020408164,17.145578231292518,0.0,0.13793103448275862,0.0,0.0,0,0.0,0.0,0.0,0.0,0.0,0.0,0.0,51,3,0.9019607843137255,76.0325,6.629166666666666,8.066666666666668,0.0,0.034482758620689655,0.0,0.0,0,0.0,77,3,0.8181818181818182,42.95738095238096,13.064285714285713,15.619047619047619,0.0,0.10344827586206896,0.0,0.3333333333333333,0,0.0,0.34951456310679613,0.039603960396039604,0.17475728155339806,0.20915032679738563,0.288135593220339,0.017241379310344827,0.11864406779661017,0.09523809523809525,0.06896551724137931,0.06896551724137931,0.0,0.034482758620689655,0.0,6,-0.024767801857585203,-22.20083333333332,4.318518518518518,0,0.0,0.061378969886457135,0.022362581085694777,6,4,0.13333333333333333,0.8416666666666667
24,battery_issue,frustrated,high,43,2,0.9302325581395349,78.20991228070177,5.497368421052631,7.171929824561403,0.0,0.0,0.0,0.0,0,0.0,0.0,0.0,0.0,0.0,0.0,0.0,44,2,0.9090909090909091,33.33481707317074,13.70256097560976,15.029268292682929,0.0,0.0,0.0,0.0,0,0.0,0.0,0.0,0.0,0.0,0.0,0.0,44,2,0.9318181818181818,78.67076923076925,5.515897435897436,7.251282051282051,0.0,0.0,0.0,0.0,0,0.0,71,3,0.8873239436619719,39.07102564102564,13.192307692307697,16.05128205128205,0.0,0.0,0.0,0.0,0,0.0,0.225,0.05128205128205128,0.1,0.13432835820895522,0.1523809523809524,0.019417475728155338,0.05714285714285715,0.16296296296296295,0.0,0.0,0.0,0.0,0.0,-1,-0.001585623678646897,-0.4608569500674804,-0.07935222672064857,0,0.0,0.07261904761904761,0.03186457555389594,7,6,0.14285714285714285,0.85
25,wrong_item,angry,high,39,2,0.9230769230769231,55.4412837837838,10.122297297297298,10.643243243243244,0.0,0.0,0.0,0.0,0,0.0,0.0,,0.0,0.0,0.0,0.0,58,3,0.896551724137931,48.25212121212124,11.083636363636362,12.424242424242424,0.0,0.0,0.0,0.0,0,0.0,0.0,,0.0,0.0,0.0,0.0,44,2,0.9318181818181818,62.64857142857146,9.738095238095237,10.304761904761905,0.0,0.034482758620689655,0.5,0.0,0,0.0,63,3,0.8888888888888888,24.84282485875707,14.680000000000003,16.00225988700565,0.03225806451612903,0.06896551724137931,0.0,0.0,0,0.0,0.4347826086956522,0.04444444444444444,0.17391304347826086,0.13235294117647062,0.39603960396039606,0.04040404040404041,0.15841584158415842,0.15602836879432622,0.0,0.0022246941045606233,0.0,-0.06896551724137931,-0.0022246941045606233,-5,-0.00874125874125864,-7.207287644787655,0.33848133848133877,0,0.0,0.03874300473525616,0.004040404040404032,12,9,0.06818181818181818,0.8416666666666667
26,wrong_item,frustrated,high,60,3,0.75,65.84473684210528,8.79543859649123,11.108771929824563,0.0,0.0,0.0,0.0,0,0.0,0.0,0.0,0.0,0.0,0.0,0.0,45,3,0.8888888888888888,55.65357142857144,8.974761904761905,9.40952380952381,0.0,0.0,0.0,0.0,0,0.0,0.0,0.0,0.0,0.0,0.0,0.0,67,3,0.7910447761194029,64.66285714285716,9.457142857142859,10.93968253968254,0.0,0.0,0.0,0.0,0,0.0,41,2,0.8780487804878049,33.93421052631581,13.246315789473687,13.915789473684212,0.0,0.0,0.0,0.0,0,0.0,0.30303030303030304,0.08247422680412371,0.18181818181818182,0.17964071856287422,0.2745098039215686,0.12,0.17647058823529413,0.2298850574712644,0.0,0.0,0.0,0.0,0.0,-7,-0.04104477611940294,1.181879699248114,0.16908939014202318,0,0.0,0.028520499108734443,-0.037525773195876286,8,8,0.14285714285714285,0.8625
27,wrong_item,neutral,medium,54,3,0.8518518518518519,51.17433333333338,10.262,10.666666666666668,0.0,0.0,0.0,0.0,0,0.0,0.0,0.0,0.0,0.0,0.0,0.0,61,4,0.8524590163934426,49.88703947368424,9.841184210526318,11.314035087719299,0.0,0.0,0.0,0.0,0,0.0,0.0,0.0,0.0,0.0,0.0,0.0,54,3,0.8518518518518519,51.17433333333338,10.262,10.666666666666668,0.0,0.0,0.0,0.0,0,0.0,53,2,0.8679245283018868,32.56400000000002,14.928,14.8,0.0,0.0,0.0,0.0,0,0.0,0.5420560747663552,0.15238095238095234,0.2803738317757009,0.12903225806451613,0.74,0.4489795918367347,0.6,0.14193548387096777,0.0,0.0,0.0,0.0,0.0,0,0.0,0.0,0.0,0,0.0,-0.1979439252336448,-0.29659863945578235,7,6,0.14285714285714285,0.7857142857142857
28,wrong_item,polite,low,63,3,0.746031746031746,66.4258757062147,8.880000000000003,8.544632768361582,0.0,0.0,0.0,0.0,0,0.0,0.0,,0.0,0.0,0.0,0.0,44,2,0.8863636363636364,37.46164634146342,13.126951219512197,14.053658536585367,0.0,0.0,0.0,0.0,0,0.0,0.0,,0.0,0.0,0.0,0.0,75,3,0.7866666666666666,61.27530516431925,10.592112676056342,11.72018779342723,0.0,0.0,0.0,0.0,0,0.0,40,2,0.825,44.00885135135138,11.71689189189189,11.724324324324325,0.0,0.0,0.0,0.0,0,0.0,0.3168316831683168,0.060606060606060615,0.13861386138613863,0.24657534246575347,0.23853211009174313,0.05607476635514019,0.1651376146788991,0.20253164556962022,0.0,0.0,0.0,0.0,0.0,-12,-0.04063492063492058,5.150570541895448,-3.1755550250656484,0,0.0,0.07829957307657365,0.0045312942509204215,7,4,0.09523809523809523,0.8285714285714285
29,wrong_item,angry,high,46,2,0.9347826086956522,66.96598837209305,9.260116279069766,9.530232558139536,0.0,0.0,0.0,0.0,0,0.0,0.0,0.0,0.0,0.0,0.0,0.0,67,3,0.8507462686567164,46.94500000000005,11.68,11.333333333333336,0.06451612903225806,0.0,0.0,0.0,0,0.0,0.0,0.0,0.0,0.0,0.0,0.0,51,2,0.803921568627451,64.56341836734696,10.340510204081632,11.43265306122449,0.0,0.034482758620689655,0.0,0.0,0,0.0,67,4,0.8805970149253731,56.56303571428572,9.282658730158733,10.744444444444445,0.0,0.0,0.0,0.0,0,0.0,0.2524271844660194,0.0,0.1359223300970874,0.06299212598425197,0.33928571428571425,0.07272727272727274,0.14285714285714285,0.10526315789473685,-0.06451612903225806,-0.034482758620689655,0.0,0.0,-0.030033370411568408,-5,0.1308610400682012,2.402570004746096,-1.9024205030849544,0,0.0,-0.08685852981969483,-0.07272727272727274,10,12,0.13333333333333333,0.85
30,wrong_item,frustrated,high,33,2,0.9090909090909091,73.75411290322583,6.822741935483872,7.490322580645162,0.0,0.0,0.0,0.0,0,0.0,0.0,,0.0,0.0,0.0,0.0,50,3,0.82,54.133333333333354,9.600851063829786,9.670921985815603,0.03225806451612903,0.0,0.0,0.0,0,0.0,0.0,,0.0,0.0,0.0,0.0,52,2,0.8461538461538461,51.176000000000016,12.332,12.4,0.0,0.034482758620689655,0.0,0.0,0,0.0,57,3,0.8070175438596491,47.565,11.096666666666668,11.644444444444446,0.0,0.0,0.0,0.0,0,0.0,0.2564102564102564,0.0,0.15384615384615383,0.10810810810810811,0.4615384615384615,0.11764705882352941,0.17307692307692307,0.2035928143712575,-0.03225806451612903,-0.034482758620689655,0.0,0.0,0.0022246941045606233,-19,0.06293706293706292,22.578112903225815,-4.909677419354838,0,0.0,-0.20512820512820512,-0.11764705882352941,6,3,0.1,0.8166666666666668
31,wrong_item,neutral,medium,56,3,0.8392857142857143,46.83918238993712,11.115094339622644,13.859119496855346,0.0,0.0,0.0,0.0,0,0.0,0.0,,0.0,0.0,0.0,0.0,55,3,0.8909090909090909,44.445512820512846,11.366153846153846,13.856410256410255,0.0,0.0,0.0,0.0,0,0.0,0.0,,0.0,0.0,0.0,0.0,72,4,0.7916666666666666,60.623863636363666,8.902575757575757,10.236363636363638,0.0,0.034482758620689655,0.0,0.0,0,0.0,65,4,0.8153846153846154,58.511207627118665,8.762500000000003,10.645762711864407,0.0,0.0,0.0,0.0,0,0.0,0.4761904761904762,0.21359223300970875,0.39999999999999997,0.18604651162790695,0.44094488188976383,0.096,0.22047244094488191,0.23529411764705885,0.0,-0.034482758620689655,0.0,0.0,0.034482758620689655,-16,0.04761904761904767,-13.784681246426544,3.622755860491708,0,0.0,0.03524559430071239,0.11759223300970875,7,4,0.09523809523809523,0.8071428571428572
32,wrong_item,polite,low,62,3,0.8225806451612904,66.71030303030307,8.509090909090908,8.06060606060606,0.03225806451612903,0.0,0.5,0.0,0,0.0,0.0,,0.0,0.0,0.0,0.0,58,3,0.8793103448275862,45.24295597484277,11.337735849056607,12.349685534591195,0.0,0.0,0.0,0.3333333333333333,0,0.0,0.0,,0.0,0.0,0.0,0.0,57,2,0.8245614035087719,63.412971698113225,10.997830188679245,11.354716981132077,0.03225806451612903,0.0,0.5,0.0,0,0.0,82,4,0.7682926829268293,36.65175000000002,12.805166666666668,14.433333333333332,0.0,0.034482758620689655,0.0,0.25,0,0.0,0.36036036036036034,0.09174311926605506,0.23423423423423423,0.2716049382716049,0.37209302325581395,0.14173228346456693,0.18604651162790697,0.2767295597484277,0.03225806451612903,0.06674082313681869,0.0,-0.034482758620689655,-0.034482758620689655,5,-0.0019807583474815704,3.2973313321898416,-3.294110920526016,0,0.0,-0.011732662895453605,-0.04998916419851186,6,3,0.1,0.7749999999999999
33,wrong_item,angry,high,95,4,0.7684210526315789,48.27529069767445,11.867093023255816,14.181395348837208,0.03225806451612903,0.0,0.0,0.0,0,0.0,0.0,0.0,0.0,0.0,0.0,0.0,63,3,0.8571428571428571,32.01231638418079,13.680000000000003,13.290395480225989,0.03225806451612903,0.06896551724137931,0.0,0.0,0,0.09090909090909091,0.16666666666666666,0.0,0.0,0.0,0.0,0.0,85,4,0.7411764705882353,46.66248376623378,11.533084415584419,13.414285714285715,0.0,0.0,0.0,0.0,0,0.0,79,3,0.8607594936708861,31.436000000000007,15.085333333333335,15.866666666666667,0.03225806451612903,0.034482758620689655,0.0,0.0,0,0.0,0.3243243243243243,0.0273972602739726,0.14864864864864863,0.24528301886792456,0.40259740259740256,0.15789473684210525,0.19480519480519484,0.2079207920792079,0.06896551724137931,0.0022246941045606233,0.03225806451612903,0.034482758620689655,0.06674082313681869,10,0.027244582043343568,1.612806931440673,0.7671096345514936,0,0.0,-0.07827307827307828,-0.13049747656813265,11,14,0.12727272727272726,0.85
34,wrong_item,frustrated,high,43,2,0.8604651162790697,68.09500000000004,8.73,8.0,0.0,0.0,0.0,0.0,0,0.0,0.0,0.0,0.0,0.0,0.0,0.0,52,3,0.8076923076923077,57.31380952380957,9.322857142857146,8.982312925170069,0.06451612903225806,0.0,0.0,0.0,0,0.0,0.0,0.0,0.0,0.0,0.0,0.0,49,2,0.9387755102040817,50.51750000000001,11.80277777777778,12.555555555555557,0.03225806451612903,0.034482758620689655,0.0,0.0,0,0.0,51,3,0.8235294117647058,56.64500000000001,9.333333333333332,8.9,0.06451612903225806,0.0,0.0,0.0,0,0.0,0.4666666666666667,0.1818181818181818,0.2888888888888889,0.1951219512195122,0.3655913978494624,0.06593406593406594,0.23655913978494625,0.09523809523809526,-0.06451612903225806,-0.06674082313681869,-0.03225806451612903,0.0,0.0022246941045606233,-6,-0.07831039392501193,17.57750000000003,-4.555555555555557,0,0.0,0.1010752688172043,0.11588411588411586,8,8,0.14285714285714285,0.83125
35,wrong_item,neutral,medium,53,3,0.8113207547169812,44.40633333333335,11.206,13.866666666666669,0.0,0.0,0.0,0.0,0,0.0,0.0,0.0,0.0,0.0,0.0,0.0,56,3,0.8035714285714286,53.224088050314464,10.224528301886796,11.59496855345912,0.0,0.0,0.0,0.0,0,0.0,0.0,0.0,0.0,0.0,0.0,0.0,46,2,0.9130434782608695,66.67714285714288,9.176190476190474,8.4,0.03225806451612903,0.034482758620689655,0.5,0.0,0,0.0,80,4,0.7375,40.57912162162165,12.19527027027027,14.427027027027027,0.03225806451612903,0.034482758620689655,0.0,0.0,0,0.0,0.5242718446601942,0.23762376237623764,0.3106796116504854,0.18181818181818182,0.18803418803418803,0.017391304347826087,0.08547008547008546,0.163265306122449,0.0,0.0,-0.03225806451612903,-0.034482758620689655,0.0,7,-0.10172272354388834,-22.270809523809532,5.466666666666669,0,0.0,0.33623765662600613,0.22023245802841154,7,6,0.14285714285714285,0.7928571428571429
36,wrong_item,polite,low,60,2,0.8333333333333334,47.29697368421054,13.742543859649121,13.505263157894738,0.0,0.0,0.0,0.0,0,0.0,0.0,,0.0,0.0,0.0,0.0,48,3,0.8541666666666666,43.89833333333337,10.780000000000001,10.412121212121214,0.0,0.0,0.0,0.0,0,0.0,0.0,,0.0,0.0,0.0,0.0,58,2,0.8620689655172413,45.10068181818184,13.800454545454546,13.90909090909091,0.0,0.034482758620689655,0.0,0.0,0,0.0,35,3,0.8857142857142857,36.26931818181819,12.299545454545456,13.872727272727275,0.0,0.0,0.0,0.0,0,0.0,0.3333333333333333,0.0,0.13725490196078433,0.19230769230769232,0.29545454545454547,0.0,0.13636363636363638,0.19480519480519484,0.0,-0.034482758620689655,0.0,0.0,0.034482758620689655,2,-0.028735632183907955,2.1962918660287016,-0.40382775119617165,0,0.0,0.037878787878787845,0.0,7,4,0.09523809523809523,0.7857142857142858
37,wrong_item,angry,high,51,2,0.8431372549019608,62.62500000000003,10.486666666666668,9.600000000000001,0.0,0.0,0.0,0.0,0,0.0,0.0,0.0,0.0,0.0,0.0,0.0,59,3,0.7966101694915254,42.85976190476194,11.918571428571429,13.180952380952384,0.03225806451612903,0.034482758620689655,0.0,0.3333333333333333,0,0.0,0.0,0.0,0.0,0.0,0.0,0.0,62,3,0.8870967741935484,68.54190476190477,8.336428571428574,10.323809523809524,0.0,0.0,0.3333333333333333,0.0,0,0.0,49,3,0.8571428571428571,51.49775362318843,9.885652173913044,9.611594202898551,0.03225806451612903,0.06896551724137931,0.0,0.0,0,0.0,0.3619047619047619,0.09708737864077671,0.17142857142857143,0.15037593984962402,0.25242718446601936,0.0,0.11650485436893204,0.15602836879432622,0.0022246941045606233,0.03670745272525028,0.0,-0.034482758620689655,-0.034482758620689655,-11,-0.04395951929158759,-5.916904761904746,-0.723809523809523,0,0.0,0.10947757743874253,0.09708737864077671,13,18,0.11538461538461539,0.8461538461538461
38,wrong_item,frustrated,high,56,2,0.8571428571428571,51.91807692307697,12.476923076923079,14.246153846153845,0.03225806451612903,0.0,0.0,0.0,0,0.0,0.0,,0.0,0.0,0.0,0.0,43,3,0.9069767441860465,45.251666666666694,10.260000000000002,9.333333333333334,0.0,0.0,0.0,0.0,0,0.125,0.0,,0.0,1.0,0.0,0.0,37,2,0.8918918918918919,63.381071428571445,8.766428571428573,9.285714285714286,0.0,0.0,0.0,0.0,0,0.0,52,3,0.9038461538461539,55.58727891156465,9.563673469387759,10.614965986394559,0.0,0.034482758620689655,0.0,0.0,0,0.0,0.2608695652173913,0.0,0.10869565217391305,0.06936416184971099,0.3333333333333333,0.0,0.16666666666666666,0.15384615384615385,0.03225806451612903,0.034482758620689655,0.03225806451612903,-0.034482758620689655,-0.0022246941045606233,19,-0.03474903474903479,-11.462994505494478,4.960439560439559,0,0.0,-0.07246376811594202,0.0,8,5,0.08928571428571429,0.7625
39,wrong_item,neutral,medium,73,3,0.7534246575342466,42.95738095238096,13.064285714285713,13.904761904761905,0.0,0.0,0.0,0.0,0,0.0,0.0,0.0,0.0,0.0,0.0,0.0,63,4,0.8253968253968254,49.10714285714286,9.887857142857143,12.02857142857143,0.0,0.034482758620689655,0.0,0.0,0,0.0,0.0,0.0,0.0,0.0,0.0,0.0,57,3,0.7894736842105263,49.13166666666666,10.87814814814815,11.644444444444446,0.0,0.06896551724137931,0.0,0.0,0,0.0,63,4,0.746031746031746,55.64341101694919,9.162500000000001,9.967796610169493,0.0,0.0,0.0,0.0,0,0.0,0.36220472440944884,0.031999999999999994,0.1732283464566929,0.21505376344086022,0.3539823008849557,0.2162162162162162,0.3008849557522124,0.21176470588235294,0.034482758620689655,-0.06896551724137931,0.0,0.034482758620689655,0.10344827586206896,16,-0.03604902667627974,-6.174285714285702,2.2603174603174594,0,0.0,0.00822242352449315,-0.1842162162162162,7,6,0.14285714285714285,0.8428571428571427
40,wrong_item,polite,low,51,3,0.8431372549019608,79.5575,6.137499999999999,7.233333333333333,0.0,0.0,0.0,0.0,0,0.0,0.0,,0.0,0.0,0.0,0.0,42,3,0.8809523809523809,50.470769230769264,9.44923076923077,10.328205128205129,0.0,0.034482758620689655,0.0,0.3333333333333333,0,0.0,0.0,,0.0,0.0,0.0,0.0,45,2,0.8666666666666667,55.16133720930236,10.906627906976748,13.251162790697675,0.0,0.0,0.0,0.0,0,0.0,85,3,0.8941176470588236,31.852692307692337,15.275641025641029,16.04102564102564,0.03225806451612903,0.06896551724137931,0.0,0.3333333333333333,0,0.0,0.1818181818181818,0.023255813953488372,0.13636363636363635,0.261437908496732,0.2975206611570248,0.05042016806722689,0.09917355371900827,0.13513513513513514,0.034482758620689655,0.03670745272525028,0.0,-0.034482758620689655,-0.0022246941045606233,6,-0.02352941176470591,24.396162790697645,-6.017829457364342,0,0.0,-0.115702479338843,-0.02716435411373852,7,4,0.09523809523809523,0.8214285714285714
41,wrong_item,angry,high,37,2,0.8648648648648649,77.8839285714286,6.743571428571428,7.0,0.0,0.0,0.0,0.0,0,0.0,0.0,,0.0,0.0,0.0,0.0,63,3,0.8253968253968254,43.48350282485876,12.080000000000002,14.646327683615821,0.03225806451612903,0.034482758620689655,0.0,0.0,0,0.0,0.0,,0.0,0.0,0.0,0.0,53,2,0.8679245283018868,56.252000000000024,11.624000000000002,10.8,0.0,0.0,0.0,0.0,0,0.0,51,3,0.803921568627451,40.78250000000003,11.54583333333333,10.566666666666666,0.03225806451612903,0.06896551724137931,0.0,0.0,0,0.0,0.2978723404255319,0.06521739130434782,0.12765957446808512,0.07874015748031496,0.38383838383838387,0.08247422680412371,0.24242424242424243,0.1818181818181818,0.0022246941045606233,0.03670745272525028,0.0,-0.034482758620689655,-0.034482758620689655,-16,-0.003059663437021909,21.631928571428574,-3.8000000000000007,0,0.0,-0.08596604341285197,-0.017256835499775885,12,9,0.06818181818181818,0.8375
42,wrong_item,frustrated,high,57,3,0.9122807017543859,64.79833333333333,8.692962962962966,9.422222222222222,0.0,0.0,0.5,0.0,0,0.0,0.0,,0.0,0.0,0.0,0.0,42,2,0.9285714285714286,42.71500000000003,12.270000000000003,14.0,0.0,0.0,0.0,0.0,0,0.14285714285714285,0.0,,0.0,1.0,0.0,0.0,71,2,0.9295774647887324,46.296730769230805,14.875769230769233,16.076923076923077,0.0,0.0,1.0,0.0,0,0.0,58,2,0.9310344827586207,11.260681818181837,18.520454545454545,21.181818181818183,0.0,0.0,0.0,0.0,0,0.0,0.3404255319148936,0.021739130434782608,0.12765957446808512,0.0963855421686747,0.24590163934426232,0.03333333333333333,0.11475409836065573,0.1564245810055866,0.0,0.0,0.0,0.0,0.0,-14,-0.017296763034346463,18.501602564102527,-6.654700854700854,0,0.0,0.09452389257063129,-0.011594202898550725,7,4,0.09523809523809523,0.7928571428571429
43,wrong_item,neutral,medium,57,3,0.8070175438596491,63.23166666666668,8.91148148148148,10.162962962962965,0.0,0.0,0.0,0.0,0,0.0,0.0,0.0,0.0,0.0,0.0,0.0,49,3,0.8775510204081632,63.12560606060609,8.098181818181818,7.684848484848485,0.0,0.0,0.0,0.0,0,0.0,0.0,0.0,0.0,0.0,0.0,0.0,70,4,0.8571428571428571,50.47625000000002,10.193750000000005,12.025,0.03225806451612903,0.034482758620689655,0.0,0.0,0,0.0,83,4,0.7590361445783133,36.77417207792209,12.912305194805196,15.492207792207791,0.0,0.034482758620689655,0.0,0.25,0,0.0,0.5252525252525252,0.16494845360824742,0.3636363636363636,0.2035928143712575,0.46478873239436613,0.2142857142857143,0.23943661971830985,0.25842696629213485,0.0,0.03225806451612903,-0.03225806451612903,-0.034482758620689655,-0.03225806451612903,-13,-0.05012531328320802,12.755416666666662,-1.8620370370370356,0,0.0,0.06046379285815906,-0.04933726067746688,7,6,0.14285714285714285,0.8071428571428572
44,wrong_item,polite,low,48,3,0.875,63.12560606060609,8.098181818181818,8.593939393939394,0.0,0.034482758620689655,0.0,0.0,0,0.0,0.0,0.0,0.0,0.0,0.0,0.0,42,3,0.9285714285714286,54.809230769230794,8.844102564102567,9.302564102564103,0.0,0.0,0.0,0.0,0,0.0,0.0,0.0,0.0,0.0,0.0,0.0,46,3,0.8478260869565217,68.33782945736438,7.288372093023256,6.663565891472868,0.0,0.0,0.0,0.0,0,0.0,42,3,0.9285714285714286,54.809230769230794,8.844102564102567,9.302564102564103,0.0,0.0,0.0,0.0,0,0.0,0.3855421686746988,0.07407407407407408,0.1927710843373494,0.17391304347826086,0.4390243902439025,0.075,0.24390243902439024,0.26277372262773724,-0.034482758620689655,0.0,0.0,0.0,-0.034482758620689655,2,0.02717391304347827,-5.21222339675829,1.9303735024665256,0,0.0,-0.05348222156920368,-0.0009259259259259134,7,6,0.14285714285714285,0.8071428571428572
45,wrong_item,angry,high,43,2,0.8604651162790697,68.41286585365856,8.80987804878049,8.200000000000001,0.0,0.0,0.0,0.0,0,0.0,0.0,0.0,0.0,0.0,0.0,0.0,51,3,0.8235294117647058,24.920000000000016,13.758333333333336,15.56666666666667,0.03225806451612903,0.0,0.0,0.3333333333333333,0,0.0,0.0,0.0,0.0,0.0,0.0,0.0,54,2,0.8703703703703703,52.47770408163268,12.026224489795919,10.616326530612247,0.0,0.0,0.0,0.0,0,0.0,49,3,0.8367346938775511,49.65862318840581,10.142173913043482,11.35072463768116,0.03225806451612903,0.0,0.0,0.3333333333333333,0,0.0,0.24719101123595508,0.02298850574712644,0.1348314606741573,0.1487603305785124,0.3711340206185567,0.042105263157894736,0.2061855670103093,0.18320610687022904,-0.03225806451612903,-0.03225806451612903,0.0,0.0,0.0,-11,-0.009905254091300608,15.935161772025879,-2.4163265306122454,0,0.0,-0.12394300938260164,-0.019116757410768296,11,14,0.12727272727272726,0.8454545454545456
46,wrong_item,frustrated,high,41,2,0.8292682926829268,67.73480769230771,8.656025641025643,8.825641025641026,0.0,0.0,0.3333333333333333,0.0,0,0.0,0.0,,0.0,0.0,0.0,0.0,44,3,0.8636363636363636,54.71455284552849,9.02292682926829,10.34471544715447,0.0,0.0,0.0,0.0,0,0.0,0.0,,0.0,0.0,0.0,0.0,33,2,0.8484848484848485,68.2960483870968,7.584032258064514,7.490322580645162,0.0,0.0,0.3333333333333333,0.0,0,0.0,41,3,0.9024390243902439,42.58885964912284,10.465789473684215,11.382456140350877,0.0,0.0,0.0,0.0,0,0.0,0.37499999999999994,0.07692307692307693,0.225,0.14666666666666667,0.34782608695652173,0.08955223880597014,0.17391304347826086,0.1408450704225352,0.0,0.0,0.0,0.0,0.0,8,-0.01921655580192172,-0.5612406947890918,1.3353184449958642,0,0.0,0.027173913043478215,-0.012629161882893217,8,5,0.08928571428571429,0.85
47,wrong_item,neutral,medium,49,2,0.8571428571428571,74.83575581395351,8.162441860465119,8.6,0.03225806451612903,0.0,0.0,0.0,0,0.0,0.0,0.0,0.0,0.0,0.0,0.0,60,4,0.7833333333333333,56.66071428571428,8.834285714285716,9.885714285714286,0.0,0.0,0.0,0.0,0,0.0,0.0,0.0,0.0,0.0,0.0,0.0,44,2,0.8863636363636364,68.09500000000004,8.73,9.0,0.03225806451612903,0.0,0.0,0.0,0,0.0,71,3,0.7323943661971831,38.95771144278609,13.373731343283584,14.306467661691542,0.0,0.0,0.0,0.0,0,0.0,0.23999999999999996,0.0,0.14,0.12903225806451613,0.3333333333333333,0.09433962264150944,0.14814814814814814,0.13157894736842105,0.03225806451612903,0.03225806451612903,0.0,0.0,0.0,5,-0.02922077922077926,6.74075581395347,-0.40000000000000036,0,0.0,-0.09333333333333335,-0.09433962264150944,7,6,0.14285714285714285,0.8071428571428572
48,wrong_item,polite,low,57,2,0.8596491228070176,46.63886363636365,13.585909090909094,13.181818181818182,0.0,0.0,0.0,0.0,0,0.0,0.0,,0.0,0.0,0.0,0.0,63,3,0.8095238095238095,37.747909604519776,12.880000000000003,13.968361581920906,0.0,0.0,0.0,0.0,0,0.0,0.0,,0.0,0.0,0.0,0.0,46,2,0.9347826086956522,49.91409090909093,11.762727272727272,12.436363636363637,0.0,0.0,0.0,0.0,0,0.0,40,2,0.85,41.72236486486486,12.035810810810812,12.805405405405407,0.0,0.0,0.0,0.0,0,0.0,0.38596491228070173,0.08928571428571429,0.19298245614035087,0.2303030303030303,0.1728395061728395,0.0,0.07407407407407407,0.15584415584415584,0.0,0.0,0.0,0.0,0.0,11,-0.07513348588863467,-3.275227272727278,0.7454545454545443,0,0.0,0.21312540610786224,0.08928571428571429,8,5,0.08928571428571429,0.81875
49,wrong_item,angry,high,31,2,0.9032258064516129,81.26232758620691,5.527068965517241,7.179310344827586,0.0,0.0,0.0,0.0,0,0.0,0.0,0.0,0.0,0.0,0.0,0.0,71,4,0.8169014084507042,37.551136363636374,12.120757575757576,12.660606060606062,0.03225806451612903,0.06896551724137931,0.0,0.0,0,0.09090909090909091,0.16666666666666666,0.0,0.0,0.0,0.0,0.0,70,3,0.8857142857142857,45.57871794871795,12.284615384615389,12.974358974358976,0.03225806451612903,0.0,0.3333333333333333,0.0,0,0.0,56,3,0.8571428571428571,35.309411764705914,12.55764705882353,13.07450980392157,0.03225806451612903,0.06896551724137931,0.0,0.0,0,0.0,0.23157894736842105,0.0,0.08421052631578949,0.08955223880597014,0.3389830508474576,0.03448275862068965,0.13559322033898305,0.18604651162790697,0.03670745272525028,0.06896551724137931,-0.03225806451612903,0.0,-0.03225806451612903,-39,0.017511520737327202,35.683609637488956,-5.79504862953139,0,0.0,-0.10740410347903656,-0.03448275862068965,11,14,0.12727272727272726,0.8454545454545456
50,billing_error,frustrated,medium,68,3,0.8676470588235294,50.784871794871805,11.55846153846154,12.974358974358976,0.03225806451612903,0.06896551724137931,0.0,0.0,0,0.0,0.0,0.0,0.0,0.0,0.0,0.0,48,3,0.875,56.25000000000003,9.140000000000004,11.333333333333336,0.03225806451612903,0.0,0.0,0.0,0,0.125,0.0,0.0,0.0,1.0,0.0,0.0,50,2,0.86,53.81250000000003,11.715833333333332,13.766666666666666,0.0,0.06896551724137931,1.0,0.0,0,0.0,74,4,0.8378378378378378,37.291467391304366,12.343297101449277,15.015942028985506,0.03225806451612903,0.0,0.0,0.5,0,0.0,0.4727272727272727,0.07407407407407407,0.23636363636363636,0.1739130434782609,0.30769230769230765,0.052173913043478265,0.20512820512820512,0.1317365269461078,-0.06896551724137931,-0.10122358175750834,0.03225806451612903,0.0,0.03225806451612903,18,0.007647058823529451,-3.0276282051282237,-0.7923076923076895,0,0.0,0.16503496503496506,0.021900161030595805,8,9,0.16071428571428573,0.8187500000000001
51,billing_error,angry,high,64,4,0.890625,61.37900423728814,8.362500000000004,8.611864406779661,0.0,0.06896551724137931,0.5,0.0,0,0.0,0.0,,0.0,0.0,0.0,0.0,60,1,0.9666666666666667,0.43428571428572127,27.110714285714284,30.257142857142856,0.0,0.0,0.0,0.0,0,0.1111111111111111,0.0,,0.0,1.0,0.0,0.0,57,3,0.8245614035087719,61.665000000000006,9.130000000000003,10.162962962962965,0.0,0.0,0.0,0.0,0,0.0,56,2,0.9464285714285714,34.021923076923116,14.973076923076924,16.553846153846155,0.0,0.034482758620689655,0.0,0.0,0,0.0,0.2905982905982906,0.03478260869565217,0.11965811965811965,0.13605442176870747,0.2830188679245283,0.05769230769230769,0.16981132075471697,0.14184397163120566,-0.06896551724137931,0.034482758620689655,0.0,-0.034482758620689655,-0.10344827586206896,7,0.06606359649122806,-0.2859957627118632,-1.5510985561833035,0,0.0,0.007579422673762326,-0.02290969899665552,9,5,0.06944444444444445,0.8554444444444445
52,billing_error,neutral,low,48,2,0.8333333333333334,61.797500000000014,10.229444444444443,10.777777777777779,0.0,0.0,0.0,0.0,0,0.0,0.0,0.0,0.0,0.0,0.0,0.0,85,3,0.8117647058823529,34.319954954954994,14.600270270270272,15.812612612612615,0.03225806451612903,0.10344827586206896,0.0,0.0,0,0.0,0.0,0.0,0.0,0.0,0.0,0.0,98,4,0.7244897959183674,37.279130434782644,13.773478260869563,14.85217391304348,0.0,0.0,0.0,0.0,0,0.0,61,4,0.8688524590163934,38.013355263157905,11.49732456140351,12.717543859649124,0.0,0.06896551724137931,0.0,0.0,0,0.0,0.2833333333333333,0.016949152542372885,0.13333333333333336,0.21739130434782605,0.38666666666666666,0.0945945945945946,0.1733333333333333,0.3118279569892473,0.07119021134593993,0.06896551724137931,0.0,0.034482758620689655,0.0022246941045606233,-50,0.108843537414966,24.51836956521737,-4.074396135265701,0,0.0,-0.10333333333333333,-0.07764544205222171,7,6,0.14285714285714285,0.8285714285714286
53,billing_error,polite,medium,62,3,0.7903225806451613,70.72757062146894,8.280000000000001,10.578531073446328,0.0,0.06896551724137931,1.0,0.0,0,0.0,0.0,0.0,0.0,0.0,0.0,0.0,60,3,0.85,44.37047619047621,11.707857142857144,12.466666666666669,0.0,0.0,0.0,0.0,0,0.16666666666666666,0.0,0.0,0.0,1.0,0.0,0.0,38,2,0.8947368421052632,61.665000000000006,9.130000000000003,9.422222222222222,0.0,0.034482758620689655,0.0,0.0,0,0.0,66,3,0.8333333333333334,37.799945355191284,13.038360655737705,14.690710382513661,0.0,0.0,0.0,0.0,0,0.0,0.27826086956521734,0.017699115044247787,0.13913043478260867,0.17687074829931973,0.22448979591836735,0.020833333333333332,0.12244897959183673,0.11290322580645161,-0.06896551724137931,-0.034482758620689655,0.0,0.0,-0.034482758620689655,24,-0.10441426146010191,9.062570621468936,1.1563088512241055,0,0.0,0.05377107364684999,-0.003134218289085545,6,4,0.13333333333333333,0.7999999999999999
54,billing_error,frustrated,high,44,3,0.7954545454545454,67.09504065040652,7.296097560975614,8.39349593495935,0.0,0.0,0.0,0.0,0,0.0,0.0,0.0,0.0,0.0,0.0,0.0,46,3,0.9130434782608695,49.610714285714295,9.81761904761905,10.361904761904762,0.03225806451612903,0.034482758620689655,0.0,0.0,0,0.0,0.0,0.0,0.0,0.0,0.0,0.0,48,4,0.8333333333333334,61.07909090909095,7.472727272727273,8.945454545454545,0.0,0.034482758620689655,0.0,0.0,0,0.0,49,3,0.8775510204081632,44.97000000000003,10.713333333333338,13.111111111111112,0.03225806451612903,0.034482758620689655,0.0,0.0,0,0.0,0.4578313253012048,0.07407407407407407,0.1927710843373494,0.15492957746478875,0.2921348314606741,0.04597701149425287,0.13483146067415733,0.09655172413793103,0.0022246941045606233,-0.03225806451612903,0.0,0.0,0.034482758620689655,-4,-0.037878787878787956,6.015949741315566,-0.5519586104951948,0,0.0,0.1656964938405307,0.028097062579821197,7,6,0.14285714285714285,0.8357142857142857
55,billing_error,angry,high,49,3,0.8367346938775511,48.73000000000002,10.18888888888889,12.222222222222223,0.0,0.034482758620689655,0.25,0.0,0,0.1,0.25,,0.0,0.0,0.0,0.0,54,4,0.8333333333333334,41.317500000000024,10.477500000000003,11.466666666666669,0.06451612903225806,0.034482758620689655,0.0,0.0,0,0.0,0.0,,0.0,0.0,0.0,0.0,66,3,0.8636363636363636,49.406720430107555,11.50225806451613,12.782795698924733,0.03225806451612903,0.0,0.0,0.0,0,0.0,81,4,0.7530864197530864,41.726315789473716,12.159473684210528,13.915789473684212,0.0967741935483871,0.034482758620689655,0.0,0.0,0,0.0,0.2127659574468085,0.0,0.10638297872340426,0.12820512820512822,0.5179856115107914,0.2481751824817518,0.2302158273381295,0.19653179190751444,-0.06451612903225806,-0.030033370411568408,-0.03225806451612903,0.0,-0.034482758620689655,-17,-0.026901669758812585,-0.6767204301075367,-0.5605734767025101,0,0.1,-0.3052196540639829,-0.2481751824817518,10,5,0.05555555555555555,0.8404999999999999
56,billing_error,neutral,medium,48,3,0.8958333333333334,52.49000000000004,9.664444444444445,9.555555555555555,0.0,0.034482758620689655,0.0,0.0,0,0.0,0.0,0.0,0.0,0.0,0.0,0.0,50,3,0.84,52.33333333333334,9.851914893617021,11.373049645390072,0.0,0.034482758620689655,0.0,0.0,0,0.0,0.0,0.0,0.0,0.0,0.0,0.0,46,4,0.8695652173913043,71.29178571428572,5.92404761904762,8.009523809523811,0.0,0.034482758620689655,0.0,0.0,0,0.0,56,3,0.8035714285714286,49.32628205128208,10.685384615384617,12.317948717948719,0.0,0.0,0.0,0.0,0,0.0,0.3695652173913044,0.11111111111111112,0.1739130434782609,0.15503875968992248,0.21276595744680848,0.021739130434782608,0.10638297872340424,0.12698412698412698,0.0,-0.034482758620689655,0.0,0.034482758620689655,0.034482758620689655,2,0.026268115942029047,-18.801785714285685,1.546031746031744,0,0.0,0.1567992599444959,0.08937198067632851,6,4,0.13333333333333333,0.8250000000000001
57,billing_error,polite,low,33,2,0.9090909090909091,60.10895161290327,8.725967741935488,10.070967741935485,0.0,0.0,0.0,0.0,0,0.0,0.0,0.0,0.0,0.0,0.0,0.0,61,3,0.819672131147541,48.0342105263158,11.279649122807019,13.2140350877193,0.06451612903225806,0.0,0.0,0.3333333333333333,0,0.0,0.0,0.0,0.0,0.0,0.0,0.0,33,2,0.9090909090909091,60.10895161290327,8.725967741935488,10.070967741935485,0.0,0.0,0.0,0.0,0,0.0,43,2,0.9534883720930233,48.2117307692308,11.379102564102567,12.928205128205128,0.0,0.0,0.0,0.0,0,0.0,0.15730337078651688,0.0,0.0449438202247191,0.09523809523809523,0.3142857142857143,0.058823529411764705,0.14285714285714285,0.09523809523809523,-0.06451612903225806,0.0,0.0,0.0,-0.06451612903225806,0,0.0,0.0,0.0,0,0.0,-0.1569823434991974,-0.058823529411764705,6,4,0.13333333333333333,0.7999999999999999
58,billing_error,frustrated,high,81,4,0.7283950617283951,47.29210526315791,11.383157894736843,11.810526315789474,0.0,0.0,0.0,0.25,0,0.0,0.0,,0.0,0.0,0.0,0.0,60,2,0.8833333333333333,39.87592105263158,14.777631578947368,15.610526315789475,0.0,0.0,0.0,0.0,0,0.0,0.0,,0.0,0.0,0.0,0.0,69,2,0.8985507246376812,28.49454545454546,17.483030303030308,19.260606060606065,0.03225806451612903,0.0,0.0,0.0,0,0.0,72,3,0.8888888888888888,47.35045454545457,12.120303030303031,14.254545454545458,0.03225806451612903,0.034482758620689655,0.0,0.0,0,0.0,0.43609022556390986,0.22900763358778628,0.28571428571428575,0.2608695652173913,0.4090909090909091,0.12307692307692308,0.21212121212121215,0.13793103448275862,0.0,0.034482758620689655,-0.03225806451612903,-0.034482758620689655,-0.034482758620689655,12,-0.17015566290928608,18.797559808612448,-7.450079744816591,0,0.0,0.026999316473000745,0.1059307105108632,6,3,0.1,0.8666666666666667
59,billing_error,angry,high,64,3,0.796875,58.22500000000005,10.10666666666667,11.333333333333336,0.0,0.0,0.3333333333333333,0.0,0,0.0,0.0,0.0,0.0,0.0,0.0,0.0,62,2,0.9354838709677419,24.105000000000018,17.350000000000005,19.333333333333332,0.0,0.034482758620689655,0.0,0.0,0,0.0,0.0,0.0,0.0,0.0,0.0,0.0,74,4,0.8243243243243243,58.13494565217394,9.436050724637681,10.957971014492754,0.0,0.06896551724137931,0.6666666666666666,0.0,0,0.0,57,3,0.8421052631578947,40.45427672955975,12.005660377358492,13.104402515723272,0.03225806451612903,0.0,0.0,0.0,0,0.0,0.36065573770491804,0.11666666666666667,0.18032786885245902,0.2,0.42622950819672134,0.13333333333333333,0.16393442622950818,0.178343949044586,0.034482758620689655,-0.10122358175750834,0.0,0.034482758620689655,0.135706340378198,-10,-0.027449324324324342,0.09005434782611133,0.37536231884058147,0,0.0,-0.0655737704918033,-0.016666666666666663,8,7,0.125,0.868625
60,billing_error,neutral,medium,39,2,0.8717948717948718,73.7331756756757,7.570945945945947,10.643243243243244,0.0,0.0,0.0,0.0,0,0.0,0.0,,0.0,0.0,0.0,0.0,82,3,0.8048780487804879,43.41975000000002,11.86116666666667,14.966666666666669,0.0,0.034482758620689655,0.0,0.0,0,0.0,0.0,,0.0,0.0,0.0,0.0,39,3,0.8205128205128205,91.255,3.512222222222224,4.800000000000001,0.0,0.0,0.0,0.0,0,0.0,67,3,0.9104477611940298,29.478633879781455,14.199016393442626,16.65792349726776,0.0,0.06896551724137931,0.0,0.3333333333333333,0,0.0,0.15789473684210528,0.0,0.08771929824561403,0.14634146341463414,0.18556701030927836,0.021052631578947368,0.12371134020618557,0.11475409836065575,0.034482758620689655,0.06896551724137931,0.0,-0.034482758620689655,-0.034482758620689655,0,0.05128205128205132,-17.5218243243243,5.8432432432432435,0,0.0,-0.027672273467173075,-0.021052631578947368,6,3,0.1,0.8083333333333335
61,billing_error,polite,low,49,3,0.8775510204081632,63.770000000000024,8.091111111111115,8.666666666666668,0.0,0.0,0.0,0.0,0,0.0,0.0,0.0,0.0,0.0,0.0,0.0,69,2,0.9420289855072463,24.649090909090916,18.01939393939394,19.260606060606065,0.03225806451612903,0.034482758620689655,0.0,0.5,0,0.0,0.0,0.0,0.0,0.0,0.0,0.0,63,3,0.8571428571428571,49.76500000000004,11.286666666666669,12.666666666666666,0.0,0.034482758620689655,0.0,0.0,0,0.0,62,2,0.9032258064516129,19.87500000000003,17.94,20.0,0.03225806451612903,0.0,0.0,0.0,0,0.0,0.37168141592920356,0.018018018018018018,0.12389380530973454,0.2153846153846154,0.36666666666666664,0.0847457627118644,0.21666666666666667,0.20833333333333331,0.0022246941045606233,-0.06674082313681869,0.0,0.034482758620689655,0.06896551724137931,-14,0.020408163265306145,14.004999999999981,-3.9999999999999982,0,0.0,0.005014749262536922,-0.06672774469384639,7,6,0.14285714285714285,0.8357142857142856
62,billing_error,frustrated,high,33,3,0.8484848484848485,72.60500000000002,5.616666666666664,6.666666666666668,0.0,0.0,1.0,0.0,0,0.0,0.0,,0.0,0.0,0.0,0.0,57,3,0.8245614035087719,52.265000000000015,10.441111111111113,11.644444444444446,0.03225806451612903,0.034482758620689655,0.0,0.3333333333333333,0,0.16666666666666666,0.0,,0.0,1.0,0.0,0.0,34,3,0.8529411764705882,68.08215053763442,6.330322580645163,8.004301075268819,0.0,0.0,1.0,0.0,0,0.0,63,3,0.7936507936507936,43.48350282485876,12.080000000000002,13.968361581920906,0.03225806451612903,0.034482758620689655,0.0,0.0,0,0.0,0.21428571428571427,0.04878048780487805,0.11904761904761904,0.07246376811594202,0.24444444444444444,0.045454545454545456,0.15555555555555556,0.07194244604316545,0.0022246941045606233,0.0022246941045606233,0.0,0.0,0.0,-1,-0.004456327985739694,4.522849462365599,-1.3376344086021508,0,0.0,-0.030158730158730163,0.0033259423503325947,6,3,0.1,0.7000000000000001
63,billing_error,angry,high,50,3,0.96,50.53333333333336,10.102978723404256,11.373049645390072,0.0,0.0,0.0,0.0,0,0.0,0.0,0.0,0.0,0.0,0.0,0.0,54,4,0.8518518518518519,48.58000000000001,10.706666666666667,11.505882352941178,0.03225806451612903,0.034482758620689655,0.0,0.0,0,0.0,0.0,0.0,0.0,0.0,0.0,0.0,59,3,0.864406779661017,71.56333333333336,7.915000000000003,8.895238095238097,0.0,0.034482758620689655,0.0,0.0,0,0.0,60,4,0.8166666666666667,50.61785714285716,9.677142857142858,9.885714285714286,0.03225806451612903,0.034482758620689655,0.0,0.0,0,0.0,0.46938775510204084,0.14583333333333334,0.2040816326530612,0.07407407407407407,0.30357142857142855,0.05454545454545454,0.14285714285714285,0.16666666666666663,0.0022246941045606233,-0.03225806451612903,0.0,0.0,0.034482758620689655,-9,0.09559322033898299,-21.03,2.4778115501519746,0,0.0,0.1658163265306123,0.0912878787878788,9,9,0.125,0.8665555555555556
64,billing_error,neutral,medium,46,2,0.8260869565217391,57.605000000000004,10.690000000000001,12.436363636363637,0.0,0.034482758620689655,0.0,0.5,0,0.0,0.0,0.0,0.0,0.0,0.0,0.0,82,4,0.8292682926829268,40.57912162162165,12.19527027027027,14.427027027027027,0.03225806451612903,0.034482758620689655,0.0,0.0,0,0.0,0.0,0.0,0.0,0.0,0.0,0.0,48,2,0.8958333333333334,43.716086956521764,12.875652173913043,15.286956521739132,0.0,0.034482758620689655,0.0,0.0,0,0.0,64,3,0.859375,34.8801129943503,13.280000000000005,14.646327683615821,0.0,0.13793103448275862,0.0,0.0,0,0.0,0.3728813559322034,0.034482758620689655,0.22033898305084745,0.2388059701492537,0.38095238095238093,0.0970873786407767,0.2476190476190476,0.23529411764705882,-0.03225806451612903,0.10344827586206896,0.0,-0.10344827586206896,-0.135706340378198,-2,-0.06974637681159424,13.88891304347824,-2.8505928853754945,0,0.0,-0.008071025020177536,-0.06260462002008704,7,6,0.14285714285714285,0.8214285714285714
65,billing_error,polite,low,18,1,0.8888888888888888,75.12117647058825,7.004705882352944,9.15294117647059,0.0,0.0,0.0,0.0,0,0.0,0.0,,0.0,0.0,0.0,0.0,70,4,0.7714285714285715,58.21526639344265,8.92799180327869,11.345901639344262,0.0,0.034482758620689655,0.0,0.0,0,0.0,0.0,,0.0,0.0,0.0,0.0,63,3,0.7777777777777778,47.785197740113006,11.480000000000004,12.612429378531075,0.0,0.034482758620689655,0.25,0.0,0,0.0,49,2,0.8571428571428571,40.78250000000003,13.409042553191494,15.35744680851064,0.0,0.034482758620689655,0.0,0.0,0,0.0,0.075,0.0,0.024999999999999998,0.08,0.41509433962264153,0.1346153846153846,0.20754716981132076,0.2676056338028169,0.034482758620689655,0.0,0.0,0.0,0.034482758620689655,-45,0.11111111111111105,27.335978730475247,-3.459488202060486,0,0.0,-0.3400943396226415,-0.1346153846153846,7,4,0.09523809523809523,0.7857142857142858
66,billing_error,frustrated,high,65,3,0.7692307692307693,45.72545977011498,11.684482758620689,12.560919540229884,0.0,0.0,0.25,0.0,0,0.0,0.0,0.0,0.0,0.0,0.0,0.0,75,3,0.8533333333333334,45.57871794871795,12.284615384615389,14.205128205128204,0.03225806451612903,0.0,0.0,0.0,0,0.0,0.0,0.0,0.0,0.0,0.0,0.0,46,3,0.9130434782608695,62.43550387596903,8.111627906976747,9.454263565891473,0.0,0.0,0.0,0.0,0,0.0,53,3,0.9056603773584906,35.495000000000005,12.283333333333335,13.9,0.0,0.0,0.0,0.3333333333333333,0,0.0,0.3492063492063492,0.06451612903225806,0.22222222222222224,0.2236024844720497,0.32967032967032966,0.04494382022471909,0.17582417582417584,0.18055555555555555,-0.03225806451612903,0.0,0.0,0.0,-0.03225806451612903,19,-0.14381270903010024,-16.710044105854053,3.106655974338411,0,0.0,0.019536019536019522,0.01957230880753897,6,4,0.13333333333333333,0.8833333333333333
67,billing_error,angry,high,42,2,0.9285714285714286,61.2271153846154,9.563717948717951,8.825641025641026,0.0,0.034482758620689655,0.0,0.0,0,0.0,0.0,0.0,0.0,0.0,0.0,0.0,44,2,0.8863636363636364,25.081158536585377,14.85378048780488,16.00487804878049,0.0,0.0,0.0,0.0,0,0.0,0.0,0.0,0.0,0.0,0.0,0.0,54,3,0.8703703703703703,71.80352941176473,7.467450980392158,7.584313725490197,0.0,0.034482758620689655,0.0,0.0,0,0.0,83,3,0.8674698795180723,39.05086580086581,14.188831168831172,17.019913419913422,0.03225806451612903,0.034482758620689655,0.0,0.3333333333333333,0,0.0,0.225,0.05128205128205128,0.125,0.0625,0.3076923076923077,0.04687500000000001,0.1384615384615385,0.11428571428571428,-0.034482758620689655,-0.03225806451612903,0.0,-0.034482758620689655,-0.0022246941045606233,-12,0.05820105820105825,-10.576414027149326,1.2413273001508296,0,0.0,-0.0826923076923077,0.004407051282051273,10,11,0.12222222222222222,0.8849
68,billing_error,neutral,medium,53,2,0.8490566037735849,46.58779411764709,13.096176470588237,13.337254901960785,0.03225806451612903,0.0,0.0,0.0,0,0.0,0.0,0.0,0.0,0.0,0.0,0.0,72,4,0.875,54.98125000000002,9.627500000000001,11.423076923076923,0.03225806451612903,0.0,0.0,0.0,0,0.0,0.0,0.0,0.0,0.0,0.0,0.0,82,4,0.8536585365853658,46.29533783783785,11.397972972972973,12.805405405405407,0.03225806451612903,0.06896551724137931,0.0,0.0,0,0.0,65,3,0.8769230769230769,39.89500000000004,12.663333333333338,15.333333333333332,0.0,0.034482758620689655,0.0,0.3333333333333333,0,0.0,0.3418803418803419,0.052173913043478265,0.17094017094017094,0.11188811188811189,0.2814814814814815,0.07518796992481204,0.1925925925925926,0.10843373493975904,0.0,-0.0022246941045606233,0.0,-0.034482758620689655,0.0022246941045606233,-29,-0.0046019328117808955,0.2924562798092438,0.5318494965553775,0,0.0,0.06039886039886039,-0.023014056881333775,7,6,0.14285714285714285,0.8214285714285714
69,billing_error,polite,low,45,3,0.9111111111111111,59.68214285714288,8.412857142857145,10.361904761904762,0.03225806451612903,0.06896551724137931,0.5,0.3333333333333333,0,0.0,0.0,,0.0,0.0,0.0,0.0,52,3,0.7884615384615384,48.73333333333335,10.35404255319149,12.224113475177305,0.0,0.06896551724137931,0.0,0.0,0,0.0,0.0,,0.0,0.0,0.0,0.0,41,2,0.926829268292683,54.71942307692311,10.471410256410259,11.902564102564103,0.03225806451612903,0.06896551724137931,0.0,0.0,0,0.0,61,3,0.8360655737704918,49.518421052631595,11.07263157894737,12.512280701754387,0.06451612903225806,0.0,0.0,0.0,0,0.0,0.2696629213483146,0.04597701149425288,0.08988764044943819,0.18749999999999997,0.41666666666666663,0.0,0.14583333333333334,0.144,0.03225806451612903,-0.10122358175750834,0.0,0.06896551724137931,0.13348164627363737,4,-0.01571815718157188,4.962719780219771,-1.5406593406593405,0,0.0,-0.14700374531835203,0.04597701149425288,7,4,0.09523809523809523,0.7857142857142858
70,billing_error,frustrated,high,40,3,0.875,73.13288288288288,6.122702702702707,8.176576576576577,0.0,0.0,0.0,0.0,0,0.0,0.0,0.0,0.0,0.0,0.0,0.0,46,3,0.9130434782608695,49.610714285714295,9.81761904761905,11.314285714285715,0.0,0.06896551724137931,0.0,0.0,0,0.0,0.0,0.0,0.0,0.0,0.0,0.0,40,3,0.875,73.13288288288288,6.122702702702707,8.176576576576577,0.0,0.0,0.0,0.0,0,0.0,63,3,0.8571428571428571,51.55994252873566,10.870689655172413,12.560919540229884,0.0,0.034482758620689655,0.0,0.0,0,0.0,0.25316455696202533,0.07792207792207792,0.1772151898734177,0.11267605633802817,0.25,0.0851063829787234,0.10416666666666667,0.11267605633802817,0.06896551724137931,0.034482758620689655,0.0,0.034482758620689655,0.034482758620689655,0,0.0,0.0,0.0,0,0.0,0.0031645569620253333,-0.007184305056645482,6,4,0.13333333333333333,0.8416666666666668
71,billing_error,angry,high,52,3,0.8846153846153846,76.30564625850343,6.673877551020407,6.533333333333333,0.0,0.034482758620689655,0.0,0.0,0,0.0,0.0,0.0,0.0,0.0,0.0,0.0,64,4,0.765625,53.430000000000035,9.533333333333335,9.333333333333334,0.03225806451612903,0.034482758620689655,0.0,0.0,0,0.0,0.0,0.0,0.0,0.0,0.0,0.0,48,2,0.8541666666666666,65.78565217391306,9.79739130434783,10.93913043478261,0.0,0.0,0.0,0.0,0,0.0,62,4,0.7903225806451613,53.54853448275864,9.392586206896556,8.558620689655172,0.03225806451612903,0.034482758620689655,0.0,0.0,0,0.0,0.3302752293577982,0.09345794392523364,0.1651376146788991,0.0851063829787234,0.3076923076923077,0.07843137254901959,0.19230769230769232,0.07246376811594203,-0.03225806451612903,0.0022246941045606233,0.0,0.0,-0.034482758620689655,4,0.03044871794871795,10.519994084590365,-4.405797101449277,0,0.0,0.022582921665490474,0.015026571376214048,9,9,0.125,0.8887777777777779
72,billing_error,neutral,medium,51,2,0.9019607843137255,57.33750000000002,11.224166666666669,12.933333333333335,0.0,0.034482758620689655,0.0,0.0,0,0.0,0.0,,0.0,0.0,0.0,0.0,96,3,0.90625,16.951724137931052,18.09931034482759,19.41609195402299,0.0,0.06896551724137931,0.0,0.0,0,0.0,0.0,,0.0,0.0,0.0,0.0,54,4,0.8518518518518519,77.39950000000003,5.568999999999999,5.0,0.0,0.0,0.0,0.0,0,0.0,52,3,0.9230769230769231,32.53333333333333,12.613617021276596,14.777304964539008,0.0,0.034482758620689655,0.0,0.0,0,0.0,0.38518518518518524,0.10526315789473685,0.16296296296296295,0.16176470588235295,0.3505154639175258,0.10526315789473685,0.16494845360824742,0.17391304347826086,0.034482758620689655,0.034482758620689655,0.0,0.034482758620689655,0.0,-3,0.050108932461873645,-20.062000000000012,7.933333333333335,0,0.0,0.03466972126765944,0.0,6,3,0.1,0.8000000000000002
73,billing_error,polite,low,48,3,0.8125,52.49000000000004,9.664444444444445,12.222222222222223,0.0,0.06896551724137931,0.0,0.0,0,0.0,0.0,0.0,0.0,0.0,0.0,0.0,64,3,0.859375,40.61570621468928,12.480000000000004,13.290395480225989,0.03225806451612903,0.034482758620689655,0.0,0.0,0,0.14285714285714285,0.0,0.0,0.0,1.0,0.0,0.0,52,3,0.8653846153846154,58.4075,9.087500000000002,8.9,0.0,0.034482758620689655,0.0,0.0,0,0.0,67,3,0.8805970149253731,48.89502732240439,11.490819672131149,12.723497267759562,0.0,0.0,0.0,0.0,0,0.0,0.32380952380952377,0.0,0.1523809523809524,0.16176470588235295,0.43636363636363634,0.11111111111111112,0.2545454545454546,0.18571428571428572,-0.06674082313681869,-0.034482758620689655,0.0,0.034482758620689655,-0.03225806451612903,-4,-0.05288461538461542,-5.917499999999961,3.322222222222223,0,0.0,-0.11255411255411257,-0.11111111111111112,7,6,0.14285714285714285,0.8
74,billing_error,frustrated,high,66,3,0.7121212121212122,45.06578947368425,11.693684210526317,12.512280701754387,0.0,0.034482758620689655,0.25,0.0,0,0.0,0.0,0.0,0.0,0.0,0.0,0.0,56,2,0.8928571428571429,24.260384615384652,16.334615384615386,17.323076923076922,0.0,0.0,0.0,0.0,0,0.0,0.0,0.0,0.0,0.0,0.0,0.0,46,3,0.9130434782608695,62.43550387596903,8.111627906976747,8.524031007751939,0.0,0.0,0.0,0.0,0,0.0,45,3,0.9111111111111111,50.58772357723578,9.598536585365853,9.36910569105691,0.03225806451612903,0.0,0.0,0.0,0,0.0,0.3716814159292035,0.14414414414414414,0.23008849557522124,0.17834394904458598,0.5476190476190476,0.14634146341463414,0.2380952380952381,0.15714285714285714,-0.034482758620689655,-0.03225806451612903,0.0,0.0,-0.0022246941045606233,20,-0.20092226613965736,-17.369714402284785,3.988249694002448,0,0.0,-0.17593763168984405,-0.0021973192704899946,6,4,0.13333333333333333,0.8833333333333333
75,delivery_delay,neutral,medium,66,2,0.803030303030303,50.098750000000024,14.221250000000001,15.925,0.0,0.0,0.0,0.0,0,0.0,0.0,,0.0,0.0,0.0,0.0,50,3,0.84,59.53333333333336,8.847659574468086,9.670921985815603,0.03225806451612903,0.06896551724137931,0.0,0.0,0,0.16666666666666666,0.0,,0.0,1.0,0.0,0.0,53,2,0.8867924528301887,51.176000000000016,12.332,13.200000000000001,0.03225806451612903,0.0,0.0,0.0,0,0.0,77,3,0.7922077922077922,37.27365296803657,14.105479452054798,15.760730593607306,0.06451612903225806,0.06896551724137931,0.0,0.0,0,0.0,0.44642857142857145,0.09090909090909091,0.19642857142857142,0.20238095238095238,0.4193548387096774,0.11475409836065574,0.16129032258064516,0.21935483870967742,0.03670745272525028,0.03670745272525028,-0.03225806451612903,0.0,0.0,13,-0.08376214979988572,-1.0772499999999923,2.7249999999999996,0,0.0,0.027073732718894072,-0.02384500745156483,6,3,0.1,0.7823333333333333
76,delivery_delay,frustrated,high,44,2,0.9318181818181818,76.66652439024391,7.658658536585367,9.175609756097561,0.0,0.0,1.0,0.0,0,0.0,0.0,,0.0,0.0,0.0,0.0,53,2,0.8490566037735849,41.611323529411806,13.790294117647061,14.905882352941177,0.03225806451612903,0.034482758620689655,0.0,0.0,0,0.0,0.0,,0.0,0.0,0.0,0.0,60,3,0.8,69.7866666666667,8.079999999999998,9.515151515151514,0.0,0.034482758620689655,1.0,0.0,0,0.0,98,4,0.8469387755102041,18.853497191011257,16.157162921348313,19.237078651685394,0.0,0.10344827586206896,0.0,0.0,0,0.0,0.30434782608695654,0.08888888888888889,0.17391304347826086,0.15277777777777776,0.30344827586206896,0.06993006993006994,0.12413793103448276,0.24050632911392406,0.0022246941045606233,0.06896551724137931,0.0,-0.06896551724137931,-0.06674082313681869,-16,0.13181818181818172,6.879857723577203,-0.3395417590539527,0,0.0,0.0008995502248875797,0.018958818958818957,7,3,0.07142857142857142,0.7942857142857144
77,delivery_delay,angry,high,103,4,0.7669902912621359,44.6971710526316,12.925131578947369,13.289473684210527,0.0,0.034482758620689655,0.16666666666666666,0.25,0,0.1,0.0,,0.0,1.0,0.0,0.0,42,3,0.8571428571428571,67.8246153846154,7.028717948717951,7.251282051282051,0.03225806451612903,0.0,0.0,0.0,0,0.1,0.0,,0.0,1.0,0.0,0.0,92,5,0.8043478260869565,47.252941176470614,10.891764705882352,12.447058823529412,0.0,0.034482758620689655,0.0,0.0,0,0.0,54,3,0.8333333333333334,46.09833333333336,10.970000000000002,12.266666666666667,0.03225806451612903,0.0,0.0,0.0,0,0.0,0.40298507462686567,0.15151515151515152,0.2537313432835821,0.19387755102040818,0.3676470588235294,0.10447761194029852,0.22058823529411764,0.20320855614973263,-0.06674082313681869,-0.06674082313681869,0.0,0.0,0.0,11,-0.037357534824820626,-2.555770123839011,0.8424148606811155,0,0.1,0.03533801580333629,0.047037539574853,10,7,0.07777777777777778,0.79
78,delivery_delay,polite,low,69,2,0.855072463768116,40.576785714285734,15.425158730158731,17.67936507936508,0.0,0.06896551724137931,0.6666666666666666,0.0,0,0.0,0.0,0.0,0.0,0.0,0.0,0.0,60,3,0.85,45.26235294117649,11.169411764705881,13.07450980392157,0.0,0.034482758620689655,0.0,0.0,0,0.0,0.0,0.0,0.0,0.0,0.0,0.0,59,2,0.8305084745762712,59.068571428571445,11.976428571428574,14.057142857142859,0.0,0.034482758620689655,1.0,0.0,0,0.0,76,3,0.8421052631578947,41.26391304347828,13.217681159420291,14.997101449275362,0.0,0.06896551724137931,0.0,0.0,0,0.0,0.4695652173913044,0.07079646017699115,0.191304347826087,0.2432432432432432,0.365079365079365,0.016129032258064516,0.14285714285714285,0.26950354609929084,-0.034482758620689655,0.034482758620689655,0.0,-0.034482758620689655,-0.06896551724137931,10,0.02456398919184477,-18.49178571428571,3.622222222222222,0,0.0,0.10448585231193941,0.054667427918926634,6,4,0.13333333333333333,0.75
79,delivery_delay,neutral,medium,52,3,0.8461538461538461,56.64500000000001,9.333333333333332,12.233333333333334,0.03225806451612903,0.034482758620689655,0.0,0.0,0,0.0,0.0,0.0,0.0,0.0,0.0,0.0,60,3,0.85,35.306190476190494,12.97214285714286,15.323809523809524,0.03225806451612903,0.06896551724137931,0.0,0.3333333333333333,0,0.0,0.0,0.0,0.0,0.0,0.0,0.0,57,3,0.8596491228070176,55.39833333333334,10.004074074074076,12.385185185185186,0.0,0.034482758620689655,0.0,0.0,0,0.0,77,4,0.8441558441558441,38.683538732394396,12.273345070422536,14.423943661971832,0.03225806451612903,0.10344827586206896,0.0,0.0,0,0.0,0.11538461538461538,0.0,0.07692307692307691,0.21383647798742136,0.3492063492063492,0.04838709677419355,0.12698412698412698,0.20606060606060606,0.034482758620689655,0.03670745272525028,0.03225806451612903,-0.034482758620689655,-0.0022246941045606233,-5,-0.013495276653171406,1.2466666666666697,-0.1518518518518519,0,0.0,-0.23382173382173382,-0.04838709677419355,7,6,0.14285714285714285,0.7357142857142858
80,delivery_delay,frustrated,high,31,2,0.8709677419354839,90.01405172413794,4.306379310344827,5.800000000000001,0.0,0.0,1.0,0.0,0,0.0,0.0,0.0,0.0,0.0,0.0,0.0,52,2,0.8653846153846154,38.66545918367348,13.952755102040818,15.514285714285714,0.0,0.034482758620689655,0.0,0.0,0,0.0,0.0,0.0,0.0,0.0,0.0,0.0,103,2,0.9514563106796117,16.387755102040842,23.1465306122449,24.90612244897959,0.0,0.06896551724137931,0.0,0.5,0,0.0,52,3,0.8269230769230769,32.53333333333333,12.613617021276596,13.926241134751775,0.0,0.06896551724137931,0.0,0.0,0,0.0,0.1794871794871795,0.026315789473684213,0.07692307692307693,0.18461538461538457,0.27586206896551724,0.013986013986013986,0.12413793103448276,0.12060301507537688,0.034482758620689655,0.0,0.0,-0.034482758620689655,0.034482758620689655,-72,-0.0804885687441278,73.6262966220971,-19.10612244897959,0,0.0,-0.09637488947833775,0.012329775487670227,7,6,0.14285714285714285,0.7714285714285715
81,delivery_delay,angry,high,31,2,0.9354838709677419,78.34508620689657,5.933965517241379,8.558620689655172,0.0,0.0,0.0,0.0,0,0.0,0.0,0.0,0.0,0.0,0.0,0.0,41,2,0.8292682926829268,54.71942307692311,10.471410256410259,10.876923076923077,0.03225806451612903,0.0,0.0,0.0,0,0.09090909090909091,0.0,0.0,0.0,1.0,0.0,0.0,72,4,0.8055555555555556,52.72705882352943,10.128235294117648,10.917647058823531,0.0,0.034482758620689655,0.0,0.0,0,0.0,60,3,0.8166666666666667,47.39190476190478,11.286428571428576,11.038095238095238,0.06451612903225806,0.0,0.0,0.0,0,0.0,0.29411764705882354,0.06060606060606061,0.14705882352941177,0.1176470588235294,0.467741935483871,0.14754098360655737,0.24193548387096775,0.2057142857142857,-0.03225806451612903,-0.09899888765294772,0.0,0.0,0.06674082313681869,-41,0.1299283154121863,25.618027383367135,-2.35902636916836,0,0.0,-0.17362428842504746,-0.08693492300049677,11,14,0.12727272727272726,0.8
82,delivery_delay,polite,low,65,2,0.8461538461538461,50.70944915254239,13.515000000000004,15.189830508474579,0.0,0.034482758620689655,0.0,0.0,0,0.0,0.0,0.0,0.0,0.0,0.0,0.0,64,3,0.796875,39.89500000000004,12.663333333333338,15.333333333333332,0.03225806451612903,0.06896551724137931,0.0,0.0,0,0.0,0.0,0.0,0.0,0.0,0.0,0.0,66,3,0.803030303030303,59.63500000000003,9.910000000000004,11.333333333333336,0.0,0.0,0.0,0.0,0,0.0,75,3,0.8266666666666667,24.58127450980396,15.461764705882356,17.890196078431373,0.03225806451612903,0.06896551724137931,0.0,0.0,0,0.0,0.5042016806722689,0.188034188034188,0.2689075630252101,0.1843971631205674,0.37209302325581395,0.047244094488188976,0.13953488372093023,0.2535211267605634,0.0022246941045606233,0.03670745272525028,0.0,0.0,-0.034482758620689655,-1,0.04312354312354316,-8.925550847457643,3.856497175141243,0,0.0,0.13210865741645494,0.14079009354599903,7,6,0.14285714285714285,0.7785714285714286
83,delivery_delay,neutral,medium,53,2,0.8490566037735849,58.19955882352944,11.47656862745098,12.55294117647059,0.0,0.0,0.0,0.0,0,0.0,0.0,,0.0,0.0,0.0,0.0,76,3,0.7763157894736842,43.40206572769955,13.085070422535214,15.100469483568077,0.03225806451612903,0.034482758620689655,0.0,0.0,0,0.0,0.0,,0.0,0.0,0.0,0.0,49,2,0.8367346938775511,58.78250000000003,10.898404255319154,11.953191489361704,0.03225806451612903,0.0,0.0,0.0,0,0.0,76,3,0.7763157894736842,43.40206572769955,13.085070422535214,15.100469483568077,0.03225806451612903,0.034482758620689655,0.0,0.0,0,0.0,0.45901639344262296,0.16666666666666666,0.180327868852459,0.16216216216216217,0.423728813559322,0.10344827586206898,0.18644067796610167,0.16666666666666669,0.0022246941045606233,0.034482758620689655,-0.03225806451612903,0.0,-0.03225806451612903,4,0.012321909896033878,-0.5829411764705839,0.5997496871088863,0,0.0,0.035287579883300946,0.06321839080459768,7,4,0.09523809523809523,0.7214285714285715
84,delivery_delay,frustrated,high,35,2,0.8285714285714286,67.03295454545456,8.008636363636366,10.236363636363638,0.0,0.034482758620689655,1.0,0.0,0,0.0,0.0,0.0,0.0,0.0,0.0,0.0,38,2,0.868421052631579,38.16500000000002,12.407777777777778,12.755555555555556,0.0,0.0,0.0,0.0,0,0.0,0.0,0.0,0.0,0.0,0.0,0.0,78,3,0.7948717948717948,62.90103603603605,10.613783783783788,12.02882882882883,0.03225806451612903,0.0,0.5,0.0,0,0.0,39,2,0.8461538461538461,40.515000000000015,12.080000000000002,12.755555555555556,0.0,0.0,0.0,0.0,0,0.0,0.20289855072463767,0.02985074626865672,0.11594202898550725,0.15,0.2181818181818182,0.037037037037037035,0.1272727272727273,0.19875776397515527,-0.034482758620689655,0.03225806451612903,-0.03225806451612903,0.0,-0.06674082313681869,-43,0.0336996336996338,4.131918509418512,-1.7924651924651922,0,0.0,-0.015283267457180533,-0.007186290768380316,8,8,0.14285714285714285,0.76875
85,delivery_delay,angry,high,77,3,0.8181818181818182,46.97671361502347,12.58647887323944,12.846948356807514,0.0,0.034482758620689655,0.0,0.0,0,0.0,0.0,,0.0,0.0,0.0,0.0,36,2,0.8888888888888888,52.72705882352943,10.128235294117648,10.329411764705883,0.03225806451612903,0.0,0.0,0.0,0,0.0,0.0,,0.0,0.0,0.0,0.0,83,4,0.8313253012048193,52.15599025974029,10.766850649350651,11.855844155844157,0.0,0.034482758620689655,0.0,0.0,0,0.0,36,2,0.8888888888888888,52.72705882352943,10.128235294117648,10.329411764705883,0.03225806451612903,0.0,0.0,0.0,0,0.0,0.39999999999999997,0.0970873786407767,0.17142857142857143,0.13095238095238096,0.34234234234234234,0.09174311926605505,0.12612612612612614,0.11494252873563218,-0.06674082313681869,-0.06674082313681869,0.0,0.0,0.0,-6,-0.013143483023001057,-5.179276644716822,0.9911042009633579,0,0.0,0.057657657657657624,0.005344259374721647,10,6,0.06666666666666667,0.8049
86,delivery_delay,polite,low,74,3,0.8378378378378378,60.8813043478261,10.48144927536232,10.93913043478261,0.0,0.0,0.0,0.0,0,0.0,0.0,,0.0,0.0,0.0,0.0,87,4,0.8620689655172413,34.72292721518991,13.322626582278485,16.001265822784813,0.0,0.034482758620689655,0.0,0.5,0,0.14285714285714285,0.0,,0.0,1.0,0.0,0.0,80,3,0.8,61.75779279279281,10.773243243243243,11.488288288288288,0.0,0.0,0.0,0.0,0,0.0,63,3,0.9047619047619048,50.413333333333355,10.865000000000002,12.466666666666669,0.06451612903225806,0.0,0.0,0.3333333333333333,0,0.0,0.40540540540540543,0.0821917808219178,0.1891891891891892,0.178343949044586,0.3969465648854961,0.06201550387596899,0.18320610687022904,0.19753086419753088,0.034482758620689655,-0.06451612903225806,0.0,0.034482758620689655,0.09899888765294772,-6,0.037837837837837784,-0.8764884449667107,-0.5491578535056778,0,0.0,0.008458840519909305,0.020176276945948812,7,4,0.09523809523809523,0.75
87,delivery_delay,neutral,medium,53,3,0.8679245283018868,57.31380952380957,9.322857142857146,11.431292517006803,0.0,0.034482758620689655,1.0,0.0,0,0.0,0.0,0.0,0.0,0.0,0.0,0.0,74,3,0.8648648648648649,29.55774509803925,14.767647058823531,15.537254901960786,0.03225806451612903,0.06896551724137931,0.0,0.0,0,0.14285714285714285,0.0,1.0,0.0,0.0,0.0,0.0,113,5,0.8849557522123894,61.26338461538462,9.88161538461539,11.781538461538462,0.03225806451612903,0.034482758620689655,0.3333333333333333,0.0,0,0.0,48,3,0.8958333333333334,48.66341085271321,10.032558139534885,11.314728682170543,0.03225806451612903,0.034482758620689655,0.0,0.0,0,0.0,0.42372881355932207,0.05172413793103448,0.1864406779661017,0.19230769230769226,0.3108108108108108,0.0547945205479452,0.13513513513513511,0.1895734597156398,0.0022246941045606233,0.0,-0.03225806451612903,0.034482758620689655,0.0022246941045606233,-60,-0.017031223910502602,-3.9495750915750563,-0.35024594453165925,0,0.0,0.11291800274851127,-0.0030703826169107204,7,6,0.14285714285714285,0.8357142857142856
88,delivery_delay,frustrated,high,43,3,0.9302325581395349,72.74666666666668,6.425000000000001,7.333333333333335,0.0,0.0,1.0,0.0,0,0.0,0.0,0.0,0.0,0.0,0.0,0.0,79,3,0.8734177215189873,46.544885844748876,12.812328767123287,15.212785388127854,0.03225806451612903,0.0,0.0,0.3333333333333333,0,0.125,0.0,0.0,0.0,1.0,0.0,0.0,102,3,0.9117647058823529,23.303859649122813,17.87578947368421,19.824561403508774,0.0,0.06896551724137931,0.0,0.0,0,0.0,44,2,0.8409090909090909,41.5884756097561,12.551341463414637,13.078048780487805,0.0,0.0,0.0,0.0,0,0.0,0.2982456140350877,0.14285714285714285,0.1754385964912281,0.15037593984962405,0.27941176470588236,0.029850746268656716,0.11764705882352942,0.14893617021276595,-0.03225806451612903,-0.06896551724137931,0.0,0.0,0.03670745272525028,-59,0.01846785225718195,49.44280701754387,-12.491228070175438,0,0.0,0.018833849329205343,0.11300639658848613,8,8,0.14285714285714285,0.7375
89,delivery_delay,angry,high,53,3,0.9245283018867925,79.93833333333336,6.2500000000000036,9.066666666666668,0.0,0.0,1.0,0.0,0,0.0,0.0,0.0,0.0,0.0,0.0,0.0,64,3,0.796875,49.76500000000004,11.286666666666669,12.666666666666666,0.03225806451612903,0.034482758620689655,0.0,0.0,0,0.0,0.0,0.0,0.0,0.0,0.0,0.0,51,2,0.8627450980392157,55.18250000000002,11.400531914893623,13.65531914893617,0.0,0.034482758620689655,0.0,0.0,0,0.0,75,4,0.7733333333333333,47.66964285714289,10.957857142857144,12.714285714285715,0.03225806451612903,0.06896551724137931,0.0,0.0,0,0.0,0.4,0.037037037037037035,0.16363636363636366,0.17687074829931973,0.41025641025641024,0.10434782608695652,0.18803418803418803,0.20833333333333334,0.0022246941045606233,0.0022246941045606233,0.0,-0.034482758620689655,0.0,2,0.06178320384757674,24.755833333333342,-4.588652482269502,0,0.0,-0.01025641025641022,-0.06731078904991948,8,8,0.14285714285714285,0.8375
90,delivery_delay,polite,low,48,2,0.8541666666666666,56.59000000000002,11.080000000000002,11.808695652173913,0.0,0.034482758620689655,0.0,0.0,0,0.0,0.0,,0.0,0.0,0.0,0.0,61,3,0.8688524590163934,48.64270114942531,11.277586206896554,13.250574712643678,0.0,0.0,0.0,0.0,0,0.14285714285714285,0.0,,0.0,1.0,0.0,0.0,66,3,0.7878787878787878,61.97714285714288,9.831746031746032,10.304761904761905,0.0,0.034482758620689655,0.0,0.0,0,0.0,62,3,0.8870967741935484,49.518421052631595,11.07263157894737,13.2140350877193,0.0,0.034482758620689655,0.0,0.0,0,0.0,0.41904761904761906,0.0970873786407767,0.26666666666666666,0.19718309859154928,0.36363636363636365,0.050420168067226885,0.18181818181818182,0.23899371069182387,-0.034482758620689655,0.0,0.0,-0.034482758620689655,-0.034482758620689655,-18,0.06628787878787878,-5.387142857142862,1.5039337474120078,0,0.0,0.05541125541125541,0.04666721057354981,7,4,0.09523809523809523,0.75
91,delivery_delay,neutral,medium,58,3,0.8448275862068966,54.404848484848515,10.225454545454546,13.15151515151515,0.03225806451612903,0.034482758620689655,0.0,0.0,0,0.0,0.0,0.0,0.0,0.0,0.0,0.0,75,4,0.8533333333333334,42.77411764705883,11.516470588235293,11.505882352941178,0.0,0.06896551724137931,0.0,0.0,0,0.2857142857142857,0.0,1.0,0.0,1.0,0.0,0.0,48,2,0.8125,60.26826086956524,10.566956521739133,12.678260869565218,0.06451612903225806,0.0,0.0,0.0,0,0.0,60,3,0.8666666666666667,48.25212121212124,11.083636363636362,10.969696969696969,0.03225806451612903,0.034482758620689655,0.0,0.0,0,0.0,0.384,0.03252032520325203,0.144,0.19480519480519484,0.41176470588235287,0.18000000000000002,0.23529411764705882,0.17931034482758623,0.06674082313681869,0.06674082313681869,-0.03225806451612903,0.034482758620689655,0.0,10,0.032327586206896575,-5.8634123847167245,0.4732542819499326,0,0.0,-0.027764705882352858,-0.147479674796748,7,6,0.14285714285714285,0.7357142857142858
92,delivery_delay,frustrated,high,52,2,0.8269230769230769,63.020000000000024,10.68,11.600000000000001,0.03225806451612903,0.034482758620689655,0.0,0.0,0,0.0,0.0,0.0,0.0,0.0,0.0,0.0,64,3,0.84375,56.815000000000026,10.303333333333338,11.333333333333336,0.03225806451612903,0.034482758620689655,0.0,0.0,0,0.0,0.0,0.0,0.0,0.0,0.0,0.0,62,3,0.8387096774193549,56.939473684210554,10.037543859649123,11.108771929824563,0.03225806451612903,0.10344827586206896,0.6666666666666666,0.0,0,0.0,62,3,0.8548387096774194,53.52079096045199,10.680000000000003,11.256497175141243,0.0,0.0,0.0,0.0,0,0.0,0.4363636363636364,0.16666666666666669,0.2727272727272727,0.17808219178082194,0.4444444444444445,0.10434782608695653,0.22222222222222224,0.2207792207792208,0.0,-0.07119021134593993,0.0,0.034482758620689655,0.07119021134593993,-10,-0.011786600496277999,6.08052631578947,0.49122807017543835,0,0.0,-0.008080808080808077,0.062318840579710155,7,6,0.14285714285714285,0.8357142857142857
93,delivery_delay,angry,high,53,3,0.8301886792452831,63.01833333333336,8.610000000000003,8.266666666666667,0.0,0.0,0.0,0.0,0,0.125,0.25,,0.0,0.0,0.0,0.0,41,2,0.8536585365853658,48.2117307692308,11.379102564102567,11.902564102564103,0.03225806451612903,0.0,0.0,0.0,0,0.0,0.0,,0.0,0.0,0.0,0.0,37,2,0.8918918918918919,61.90568181818185,8.723787878787878,9.024242424242425,0.0,0.0,0.0,0.0,0,0.0,41,2,0.8536585365853658,48.2117307692308,11.379102564102567,11.902564102564103,0.03225806451612903,0.0,0.0,0.0,0,0.0,0.4044943820224719,0.13793103448275865,0.20224719101123595,0.14864864864864866,0.41666666666666663,0.14285714285714285,0.19444444444444445,0.13740458015267176,-0.03225806451612903,-0.03225806451612903,0.0,0.0,0.0,16,-0.06170321264660883,1.1126515151515122,-0.7575757575757578,0,0.125,-0.01217228464419473,-0.004926108374384203,8,5,0.08928571428571429,0.825
94,delivery_delay,polite,low,81,3,0.8765432098765432,52.86800000000002,12.096,12.666666666666668,0.0,0.0,0.0,0.0,0,0.0,0.0,0.0,0.0,0.0,0.0,0.0,53,3,0.8867924528301887,37.25750000000002,12.037500000000005,14.733333333333333,0.0,0.034482758620689655,0.0,0.0,0,0.14285714285714285,0.0,0.0,0.0,1.0,0.0,0.0,67,3,0.8208955223880597,33.639289617486355,13.618688524590166,16.002185792349728,0.06451612903225806,0.0,0.0,0.0,0,0.0,57,3,0.9122807017543859,37.93782051282054,12.273846153846154,13.856410256410255,0.0,0.034482758620689655,0.0,0.0,0,0.0,0.4227642276422764,0.049586776859504134,0.13008130081300814,0.17543859649122806,0.5043478260869565,0.2831858407079646,0.3826086956521739,0.26582278481012656,0.034482758620689655,0.09899888765294772,-0.06451612903225806,0.0,-0.06451612903225806,14,0.05564768748848348,19.22871038251367,-3.33551912568306,0,0.0,-0.0815835984446801,-0.23359906384846046,7,6,0.14285714285714285,0.7999999999999999
95,delivery_delay,neutral,medium,55,3,0.8363636363636363,62.34166666666668,8.870000000000001,11.548717948717949,0.03225806451612903,0.0,0.0,0.0,0,0.0,0.0,0.0,0.0,0.0,0.0,0.0,44,3,0.9090909090909091,52.640000000000015,9.146666666666668,10.328205128205129,0.03225806451612903,0.034482758620689655,0.0,0.0,0,0.14285714285714285,0.0,0.0,0.0,1.0,0.0,0.0,54,3,0.8333333333333334,63.5094117647059,8.624313725490197,11.505882352941178,0.03225806451612903,0.0,0.0,0.0,0,0.0,54,3,0.8703703703703703,46.954625850340165,10.76775510204082,11.431292517006803,0.03225806451612903,0.034482758620689655,0.0,0.0,0,0.0,0.4175824175824176,0.0449438202247191,0.17582417582417584,0.17333333333333334,0.45544554455445546,0.10101010101010102,0.2376237623762376,0.174496644295302,0.034482758620689655,0.034482758620689655,0.0,0.0,0.0,1,0.003030303030302939,-1.1677450980392194,0.04283559577677032,0,0.0,-0.037863126972037864,-0.05606628078538192,7,6,0.14285714285714285,0.7357142857142858
96,delivery_delay,frustrated,high,93,2,0.8494623655913979,35.74121212121213,15.561363636363634,17.187878787878788,0.0,0.034482758620689655,0.0,0.0,0,0.0,0.0,0.0,0.0,0.0,0.0,0.0,56,3,0.875,58.532941176470615,9.318431372549021,10.721568627450981,0.06451612903225806,0.034482758620689655,0.0,0.0,0,0.0,0.0,0.0,0.0,0.0,0.0,0.0,89,3,0.8651685393258427,42.968565891472906,14.38767441860465,15.652713178294574,0.0,0.0,0.0,0.0,0,0.0,55,3,0.8909090909090909,57.94233333333335,9.318000000000001,10.666666666666668,0.06451612903225806,0.034482758620689655,0.0,0.0,0,0.0,0.460431654676259,0.072992700729927,0.15827338129496404,0.2,0.36496350364963503,0.059259259259259255,0.18978102189781018,0.12359550561797754,-0.06451612903225806,-0.030033370411568408,0.0,0.0,-0.034482758620689655,4,-0.015706173734444828,-7.227353770260777,1.5351656095842134,0,0.0,0.09546815102662398,0.013733441470667747,7,6,0.14285714285714285,0.8357142857142857
97,delivery_delay,angry,high,82,4,0.8780487804878049,58.748198051948066,9.847370129870132,11.336363636363638,0.0,0.0,0.0,0.0,0,0.09090909090909091,0.0,,0.0,1.0,0.0,0.0,57,3,0.8421052631578947,49.48233333333337,10.498000000000001,10.666666666666668,0.03225806451612903,0.0,0.0,0.0,0,0.09090909090909091,0.0,,0.0,1.0,0.0,0.0,104,3,0.9230769230769231,15.24909090909091,19.330505050505057,20.472727272727276,0.03225806451612903,0.034482758620689655,0.0,0.0,0,0.0,51,3,0.8431372549019608,48.73333333333335,10.35404255319149,10.521985815602838,0.03225806451612903,0.034482758620689655,0.0,0.0,0,0.0,0.40625,0.17460317460317462,0.25,0.16267942583732056,0.3698630136986301,0.08333333333333333,0.1643835616438356,0.1038961038961039,-0.03225806451612903,0.0,-0.03225806451612903,-0.034482758620689655,-0.03225806451612903,-22,-0.04502814258911825,43.499107142857156,-9.136363636363638,0,0.09090909090909091,0.036386986301369884,0.09126984126984129,11,7,0.06363636363636363,0.796
98,delivery_delay,polite,low,32,2,0.9375,73.17000000000003,6.780000000000001,7.333333333333333,0.0,0.0,0.0,0.0,0,0.0,0.0,0.0,0.0,0.0,0.0,0.0,83,3,0.8674698795180723,35.4631981981982,14.440810810810813,16.353153153153155,0.03225806451612903,0.0,0.0,0.0,0,0.14285714285714285,0.0,0.0,0.0,1.0,0.0,0.0,77,3,0.8311688311688312,53.49831050228312,11.842465753424658,13.568949771689498,0.03225806451612903,0.034482758620689655,0.0,0.0,0,0.0,52,3,0.9038461538461539,32.53333333333333,12.613617021276596,13.075177304964539,0.0,0.034482758620689655,0.0,0.0,0,0.0,0.28846153846153844,0.0196078431372549,0.11538461538461539,0.15254237288135591,0.33057851239669417,0.033613445378151266,0.16528925619834708,0.17391304347826086,-0.03225806451612903,0.03225806451612903,-0.03225806451612903,-0.034482758620689655,-0.06451612903225806,-45,0.10633116883116878,19.671689497716912,-6.235616438356165,0,0.0,-0.04211697393515573,-0.014005602240896364,7,6,0.14285714285714285,0.7642857142857143
99,delivery_delay,neutral,medium,29,2,0.9310344827586207,74.06583333333336,6.282407407407408,8.362962962962964,0.0,0.0,0.0,0.0,0,0.0,0.0,0.0,0.0,0.0,0.0,0.0,49,2,0.8571428571428571,49.23347826086959,12.10608695652174,13.547826086956523,0.03225806451612903,0.0,0.0,0.0,0,0.0,0.0,0.0,0.0,0.0,0.0,0.0,72,3,0.7916666666666666,41.99892156862748,13.032352941176473,13.184313725490197,0.06451612903225806,0.0,0.0,0.0,0,0.0,45,2,0.8666666666666667,47.2915697674419,12.004302325581396,14.181395348837208,0.0,0.0,0.0,0.0,0,0.0,0.4383561643835616,0.1408450704225352,0.19178082191780824,0.08196721311475409,0.4821428571428572,0.16363636363636364,0.30357142857142855,0.08536585365853658,-0.03225806451612903,0.06451612903225806,-0.06451612903225806,0.0,-0.0967741935483871,-43,0.13936781609195403,32.06691176470588,-4.821350762527233,0,0.0,-0.04378669275929559,-0.022791293213828445,7,6,0.14285714285714285,0.7357142857142858
